Reporting Date,Equity,Debt,Hybrid
07-11-2025,-2723.56,-485.8,-33.04
06-11-2025,-326.17,-682.19,25.49
04-11-2025,-1932.18,-461.48,-0.93
03-11-2025,-7586.75,-128.32,2.66
31-10-2025,-2552.67,-762.12,2.95
30-10-2025,-780.34,-875.53,7.9
29-10-2025,9431.08,-119.23,4.63
28-10-2025,615.99,-68.24,13.01
27-10-2025,566.97,-320.97,110.03
24-10-2025,-796.83,-41.74,115.73
23-10-2025,764.34,6.06,6.36
20-10-2025,882.21,357.07,42.89
17-10-2025,2152.33,1656.99,-12.46
16-10-2025,695.98,1526.44,1993.47
15-10-2025,-576.82,14.46,-9.38
14-10-2025,3555.35,234.25,-1.58
13-10-2025,2743.33,79.16,1.05
10-10-2025,2406.54,-215.62,-4.55
09-10-2025,737.82,1043.51,2.41
08-10-2025,1663.65,-558.1,5.52
07-10-2025,-1471.74,325.93,363.07
06-10-2025,-1584.48,1241.71,47.16
03-10-2025,183.66,90.58,90.6
01-10-2025,-4026.06,-107.14,89.99
30-09-2025,-1354.79,-158.99,35.43
29-09-2025,-4979.28,-448.23,53.86
26-09-2025,-4100.6,-8.86,23.89
25-09-2025,-1867.85,-176.8,-5.17
24-09-2025,-2794.09,154.79,26.04
23-09-2025,-1971.7,211.43,4.83
22-09-2025,1128.39,611.32,160.34
19-09-2025,785.11,663.84,-1.07
18-09-2025,-280.13,334.93,-5.0
17-09-2025,1645.65,3389.48,13.8
16-09-2025,-336.45,-432.08,5.9
15-09-2025,1022.64,1756.06,-8.35
12-09-2025,-3413.59,36.71,6.68
11-09-2025,4494.14,-361.32,9.43
10-09-2025,570.79,-418.87,-45.17
09-09-2025,-176.03,-2090.73,-10.14
04-09-2025,-684.88,-144.15,-3.55
03-09-2025,-937.05,128.49,8.11
02-09-2025,-1652.11,-53.69,-2.93
01-09-2025,-8982.89,-1908.7,-44.01
29-08-2025,-6088.23,-86.91,-28.27
28-08-2025,-5650.28,-214.66,76.63
26-08-2025,-1555.13,374.2,44.29
25-08-2025,340.16,487.01,-4.62
22-08-2025,-562.34,-140.3,-6.1
21-08-2025,-297.77,336.76,11.45
20-08-2025,-12.27,55.94,-12.07
19-08-2025,1015.64,-111.12,-26.61
18-08-2025,-1208.35,1596.62,252.81
14-08-2025,-2264.38,1758.63,-10.62
13-08-2025,-2648.54,-670.84,-25.9
12-08-2025,-964.6,-132.57,17.38
11-08-2025,2826.16,81.25,-1.43
08-08-2025,-5519.81,605.69,-29.56
07-08-2025,-4398.51,333.3,5.86
06-08-2025,1561.31,234.0,-49.77
05-08-2025,-1967.77,401.26,-45.9
04-08-2025,-1445.44,1954.29,-8.23
01-08-2025,-6153.28,-96.1,-8.25
31-07-2025,-162.1,52.22,-24.15
30-07-2025,-3692.35,-39.81,-3.14
29-07-2025,-5963.6,-574.57,0.54
28-07-2025,-1419.44,-165.88,1.89
25-07-2025,-1995.5,-476.26,13.03
24-07-2025,-3299.28,-360.43,14.98
23-07-2025,4618.07,-81.3,-10.96
22-07-2025,-1084.36,-77.1,-27.42
21-07-2025,781.85,-361.06,-0.59
18-07-2025,-2864.12,332.77,-18.05
17-07-2025,-1040.59,30.28,-4.0
16-07-2025,-173.63,153.13,4.25
15-07-2025,-789.32,-264.14,-14.46
14-07-2025,-4495.01,269.32,22.82
11-07-2025,839.75,336.24,-424.53
10-07-2025,672.2,-73.47,6.99
09-07-2025,284.23,1184.75,-23.52
08-07-2025,2771.19,-248.67,10.82
07-07-2025,691.97,167.4,6.09
04-07-2025,-2608.57,91.6,-1.12
03-07-2025,-747.11,-1359.18,7.41
02-07-2025,1105.52,-320.26,0.42
01-07-2025,829.62,1550.15,-0.36
30-06-2025,5674.78,-215.62,7.34
27-06-2025,10662.98,614.39,13.24
26-06-2025,-854.15,-341.46,8.49
25-06-2025,-4336.58,-197.57,-5.54
24-06-2025,-1836.29,-48.14,4.58
23-06-2025,9471.58,-163.12,-11.5
20-06-2025,2040.0,298.34,-7.64
19-06-2025,-597.59,-23.95,-4.68
18-06-2025,2788.27,726.23,-6.43
17-06-2025,-2647.46,278.39,24.57
16-06-2025,-373.65,272.99,47.14
13-06-2025,-3275.76,42.43,22.31
12-06-2025,-131.4,-2529.33,21.24
11-06-2025,3077.89,1364.2,21.35
10-06-2025,2412.1,-226.55,-3.76
09-06-2025,1265.0,736.25,-13.5
06-06-2025,49.41,-79.79,16.66
05-06-2025,1605.42,-1123.2,1.63
04-06-2025,-3295.02,128.24,-3.95
03-06-2025,-2105.51,454.22,14.3
02-06-2025,-5003.74,-6088.18,4.56
30-05-2025,-1758.23,29178.61,1.31
29-05-2025,4649.7,-353.94,6.5
28-05-2025,952.89,187.5,-10.24
27-05-2025,1586.48,-295.37,-452.13
26-05-2025,593.93,-1359.11,-3.17
23-05-2025,-5436.42,-457.59,-236.85
22-05-2025,2272.24,52.61,-8.33
21-05-2025,-10041.38,64.01,7.32
20-05-2025,937.83,-531.63,-2.48
19-05-2025,7483.41,-122.29,-4.84
16-05-2025,5746.53,-735.96,9.87
15-05-2025,930.55,-757.31,15.7
14-05-2025,164.3,-1414.77,-1.92
13-05-2025,-2388.23,-115.01,4.56
09-05-2025,2427.2,-547.56,-32.57
08-05-2025,2951.95,-978.27,16.29
07-05-2025,4011.45,-717.59,4.51
06-05-2025,1796.13,46.69,4.56
05-05-2025,2806.51,-462.82,-10.3
02-05-2025,173.39,-1065.25,2.98
30-04-2025,2351.23,-1045.65,4.91
29-04-2025,2509.65,-1234.16,-1.25
28-04-2025,5040.37,-427.29,-10.13
25-04-2025,5425.58,-124.45,-11.85
24-04-2025,3967.25,-247.97,1.66
23-04-2025,1965.18,-795.75,-257.1
22-04-2025,1749.56,-66.9,-11.84
21-04-2025,4317.31,-153.83,-5.17
17-04-2025,4026.02,-1491.09,-53.2
16-04-2025,6798.27,-59.35,-7.29
15-04-2025,-2351.99,-707.32,-29.0
11-04-2025,-4487.41,-1475.56,-0.4
09-04-2025,-4673.87,-1159.42,-11.44
08-04-2025,-8931.15,-2916.79,13.48
07-04-2025,-3128.15,-73.58,20.53
04-04-2025,-2958.56,-1172.56,5.43
03-04-2025,-1060.32,-185.84,-10.01
02-04-2025,-6335.66,23.56,-25.1
28-03-2025,8120.96,-865.62,-3.36
27-03-2025,2457.91,-1060.45,4.46
26-03-2025,5698.74,-480.29,78.08
25-03-2025,6205.5,134.32,-20.25
24-03-2025,5263.22,790.17,74.11
21-03-2025,3181.57,82.35,-2.48
20-03-2025,-1031.36,3051.53,-10.94
19-03-2025,710.42,-125.59,-19.7
18-03-2025,-3707.3,384.6,27.95
17-03-2025,-857.26,444.77,6.38
13-03-2025,-1410.29,1379.13,9.12
12-03-2025,-139.15,2439.21,-0.81
11-03-2025,-497.92,705.48,6.53
10-03-2025,-3214.76,426.36,-72.12
07-03-2025,-2638.78,-72.21,-18.23
06-03-2025,-1889.48,832.55,22.34
05-03-2025,-3536.05,-390.02,-10.15
04-03-2025,-4662.53,1433.68,5.56
03-03-2025,-12026.05,600.63,-91.6
28-02-2025,1119.75,597.35,-10.83
27-02-2025,-2833.92,56.58,-32.42
25-02-2025,-5719.21,191.74,-7.89
24-02-2025,-3431.23,-2425.1,-30.86
21-02-2025,-3507.56,-127.52,-29.53
20-02-2025,8216.28,-1424.71,-71.07
18-02-2025,-2122.76,-813.65,-13.48
17-02-2025,-5023.44,-266.35,-13.45
14-02-2025,-2195.6,-956.66,-42.84
13-02-2025,-4875.81,360.95,-10.01
12-02-2025,-4089.26,-496.38,-15.3
11-02-2025,-2297.12,-1368.17,-29.39
10-02-2025,-472.69,-51.2,0.68
07-02-2025,-3594.36,396.02,-26.29
06-02-2025,-1147.53,381.15,-16.26
05-02-2025,1029.43,-51.9,-1.96
04-02-2025,-3628.0,197.1,10.97
03-02-2025,-1.32,293.0,21.49
31-01-2025,-1753.84,139.99,-20.08
30-01-2025,-1796.22,116.42,-1.2
29-01-2025,-2940.87,985.19,-6.56
28-01-2025,-4514.16,379.58,2.7
27-01-2025,-2866.3,-646.56,-23.68
24-01-2025,-3061.48,-301.14,-22.57
23-01-2025,-3018.05,290.42,15.74
22-01-2025,-6327.9,-189.1,28.7
21-01-2025,-3724.79,115.41,28.57
20-01-2025,-3627.11,533.79,25.13
17-01-2025,-4341.24,-841.12,19.42
16-01-2025,-4396.93,-528.08,95.14
15-01-2025,-7766.43,-680.2,-0.13
14-01-2025,-4276.46,202.28,20.66
13-01-2025,-1421.4,103.84,29.91
10-01-2025,-7029.38,917.31,12.1
09-01-2025,-3729.3,-2357.98,13.59
08-01-2025,-1220.16,-22.16,4.29
07-01-2025,-3055.16,-485.41,2.22
06-01-2025,-2874.85,-45.33,7.32
03-01-2025,1663.6,-554.95,13.6
02-01-2025,-597.46,-83.54,13.37
01-01-2025,-5351.05,-472.58,-52.01
31-12-2024,-1598.78,-1071.24,-63.49
30-12-2024,370.17,-525.17,-14.65
27-12-2024,-1592.2,33.85,-19.63
26-12-2024,-1804.1,-250.27,102.7
24-12-2024,155.4,-183.84,-10.09
23-12-2024,-1872.95,1106.12,-1.38
20-12-2024,-793.19,159.49,-17.59
19-12-2024,-922.34,-1333.18,-7.73
18-12-2024,-2386.74,122.77,-1261.27
17-12-2024,189.1,911.99,15.0
16-12-2024,2936.51,-29.76,-78.78
13-12-2024,-3563.53,-302.58,-0.83
12-12-2024,194.75,1450.59,-10.84
11-12-2024,1867.12,546.03,25.1
10-12-2024,599.78,410.5,-11.24
09-12-2024,-786.13,2851.48,16.79
06-12-2024,9489.29,555.17,6.56
05-12-2024,2863.58,-191.72,-40.41
04-12-2024,9297.53,-314.66,-9.66
03-12-2024,3793.55,294.15,-12.42
02-12-2024,-990.32,-484.54,-14.05
29-11-2024,-8532.9,363.79,-11.03
28-11-2024,-1048.89,-412.8,-1.7
27-11-2024,3814.53,770.73,2.81
26-11-2024,9615.79,1995.89,-63.95
25-11-2024,1072.97,-391.16,-23.57
22-11-2024,1325.93,-14.58,-27.92
21-11-2024,-1917.71,41.35,-8.16
19-11-2024,-2028.21,-1352.47,-0.02
18-11-2024,-1493.0,174.0,35.44
14-11-2024,-1352.13,-126.29,-7.65
13-11-2024,2843.31,-362.61,1.31
12-11-2024,-364.35,110.09,6.31
11-11-2024,-3553.45,-178.15,4.06
08-11-2024,-5635.45,-57.76,-2.29
07-11-2024,-3713.67,-324.84,-19.49
06-11-2024,-1739.29,1039.05,25.84
05-11-2024,-4561.75,86.03,40.17
04-11-2024,-4343.53,-143.48,13.22
31-10-2024,-2197.62,428.19,19.63
30-10-2024,-892.63,61.97,41.63
29-10-2024,-2109.2,-145.06,14.7
28-10-2024,-3027.21,257.79,75.25
25-10-2024,-4836.55,-255.79,27.35
24-10-2024,-4990.74,-397.82,39.23
23-10-2024,-3827.33,-334.21,22.49
22-10-2024,10709.59,-286.49,37.49
21-10-2024,-5143.98,-334.43,2.14
18-10-2024,-7302.99,-358.25,12.82
17-10-2024,-2563.8,-69.69,42.71
16-10-2024,-1533.83,-86.95,6.68
15-10-2024,-3558.36,-234.29,5.12
14-10-2024,-4031.4,-1015.64,4.08
11-10-2024,-4736.97,-509.76,42.84
10-10-2024,-3679.26,263.12,618.94
09-10-2024,-5380.7,588.77,45.92
08-10-2024,-8126.7,-1142.02,33.38
07-10-2024,-9645.1,65.0,66.01
04-10-2024,-15506.75,-908.34,65.67
03-10-2024,-5208.58,-139.1,2.64
01-10-2024,-6426.84,147.47,23.26
30-09-2024,364.16,421.57,4.18
27-09-2024,8537.58,178.6,28.39
26-09-2024,-636.66,36.95,61.21
25-09-2024,-1454.09,253.59,5.94
24-09-2024,2031.72,149.85,7.31
23-09-2024,15181.36,502.41,-2.69
20-09-2024,410.53,-172.93,30.91
19-09-2024,2380.95,-209.27,-9.88
17-09-2024,3045.76,86.73,68.87
13-09-2024,7971.7,-599.34,116.99
12-09-2024,2869.62,-187.07,29.49
11-09-2024,2962.44,-811.58,27.74
10-09-2024,1134.37,1034.33,1792.6
09-09-2024,1942.9,246.18,67.99
06-09-2024,-904.19,-52.53,38.5
05-09-2024,1585.93,225.78,-13.78
04-09-2024,3035.79,-10.05,-0.77
03-09-2024,5759.81,36.99,178.32
02-09-2024,1503.96,168.59,23.75
30-08-2024,14526.64,-463.22,42.75
29-08-2024,-547.83,3176.62,47.65
28-08-2024,4794.61,612.99,21.79
27-08-2024,969.41,1650.27,-169.01
26-08-2024,3882.05,1614.17,-1595.57
23-08-2024,1852.13,-2011.95,481.96
22-08-2024,-430.7,25.94,24.13
21-08-2024,4034.96,676.95,16.63
20-08-2024,-1756.42,2106.48,121.06
19-08-2024,1196.49,171.59,73.34
16-08-2024,-2377.62,855.81,76.41
14-08-2024,-1419.7,388.57,50.94
13-08-2024,-2811.08,969.46,14.94
12-08-2024,-1161.33,919.06,1886.13
09-08-2024,521.65,975.28,-2.53
08-08-2024,-2841.65,1867.21,2.94
07-08-2024,-3024.79,-1901.54,10.85
06-08-2024,-3692.07,312.84,-1.06
05-08-2024,-3367.22,1656.37,-8.4
02-08-2024,1826.35,1968.89,-1.62
01-08-2024,-2853.76,1503.18,4.87
31-07-2024,-2865.96,1561.93,32.36
30-07-2024,-2726.36,2756.92,3.94
29-07-2024,4269.26,-3453.74,13.42
26-07-2024,-2197.78,1361.65,0.57
25-07-2024,-3508.22,640.99,14.64
24-07-2024,-1548.64,2250.92,-0.26
23-07-2024,8346.73,-72.92,-5.54
22-07-2024,1824.07,1762.37,3.62
19-07-2024,5052.87,2981.98,72.38
18-07-2024,1660.8,1389.58,24.07
16-07-2024,3337.89,315.05,11.49
15-07-2024,5367.76,483.55,3.37
12-07-2024,346.92,731.93,-3.98
11-07-2024,2183.95,-2791.83,46.9
10-07-2024,1528.18,568.52,33.45
09-07-2024,161.67,-795.83,4.27
08-07-2024,3169.45,313.93,5.26
05-07-2024,5511.54,1982.13,5.38
04-07-2024,3898.51,417.19,4.09
03-07-2024,-2507.09,303.42,-2.38
02-07-2024,-494.08,948.0,-0.61
01-07-2024,1553.37,2518.33,-9.31
28-06-2024,7757.97,-782.76,-9.13
27-06-2024,1513.23,618.93,-14.49
26-06-2024,2464.98,1039.95,-0.37
25-06-2024,860.42,470.35,-21.56
24-06-2024,1797.66,1006.82,-29.68
21-06-2024,1247.64,1013.42,-10.86
20-06-2024,9175.54,796.31,-10.34
19-06-2024,1576.35,1879.0,0.29
18-06-2024,3234.51,1501.0,-69.86
14-06-2024,2770.42,1215.36,1399.86
13-06-2024,679.33,2039.76,8.86
12-06-2024,57.02,-2458.4,18.81
11-06-2024,2867.87,-221.36,7.03
10-06-2024,5355.83,1373.73,-6.91
07-06-2024,-6770.71,1020.77,-3.75
06-06-2024,-4804.39,1066.07,-16.07
05-06-2024,-12243.91,530.45,-14.34
04-06-2024,6847.12,2239.58,21.64
03-06-2024,2177.66,-367.46,-37.75
31-05-2024,-1122.05,1460.89,-1.32
30-05-2024,-4311.41,1440.8,-13.92
29-05-2024,2134.54,810.84,-20.15
28-05-2024,696.16,3189.12,-0.69
27-05-2024,-937.08,1690.5,-79.45
24-05-2024,5891.71,-348.0,-52.98
22-05-2024,-1877.28,1176.82,-14.67
21-05-2024,2180.71,2301.91,-23.92
17-05-2024,-622.33,1504.37,-3.12
16-05-2024,-2338.84,1040.62,-7.9
15-05-2024,-2513.07,-484.63,-5.32
14-05-2024,-4392.53,-1041.02,-7.52
13-05-2024,-1292.15,-116.19,-5.07
10-05-2024,-6669.92,129.32,-32.02
09-05-2024,-5336.8,2141.27,-6.45
08-05-2024,-2942.98,-922.81,-33.29
07-05-2024,-1150.98,513.38,-37.79
06-05-2024,-2138.05,476.92,-15.96
03-05-2024,-695.0,-1564.6,-11.98
02-05-2024,1851.02,-355.44,4.92
30-04-2024,5.53,-695.25,-8.45
29-04-2024,-2372.84,-31.68,-13.23
26-04-2024,26.94,467.1,11.61
25-04-2024,4227.19,-2807.54,11.73
24-04-2024,-3458.12,-1087.07,2.65
23-04-2024,-2619.0,872.54,-2.48
22-04-2024,772.77,-576.3,-4.01
19-04-2024,-4163.15,-2188.27,16.93
18-04-2024,-3264.73,-3669.58,1.34
16-04-2024,-3233.48,304.95,3.76
15-04-2024,-7939.77,-557.07,0.99
12-04-2024,3230.38,2178.52,-1.33
10-04-2024,8526.56,-661.98,20.42
08-04-2024,1915.09,-955.08,9.79
05-04-2024,-977.66,-812.86,44.01
04-04-2024,-1254.92,-4240.4,0.17
03-04-2024,-447.29,1411.39,0.3
02-04-2024,2355.23,5366.27,-0.64
28-03-2024,4042.5,1277.31,9.38
27-03-2024,-3170.59,5114.42,564.99
26-03-2024,-3871.43,-3518.67,6.16
22-03-2024,-1326.96,1148.43,5.25
21-03-2024,-2242.76,2749.66,1.29
20-03-2024,1351.07,-453.57,0.08
19-03-2024,-1166.67,-896.49,-15.93
18-03-2024,773.09,1133.08,11.74
15-03-2024,-114.24,-869.09,-14.03
14-03-2024,14582.35,-779.06,-1.99
13-03-2024,-115.6,3075.43,-55.96
12-03-2024,3945.51,210.67,30.14
11-03-2024,10588.61,4245.8,183.5
07-03-2024,5684.37,2344.81,2.31
06-03-2024,-221.35,789.07,38.75
05-03-2024,-12.03,418.14,12.39
04-03-2024,2171.14,546.28,1.93
01-03-2024,4201.31,-456.0,37.66
29-02-2024,-1388.74,870.6,11.39
28-02-2024,2055.97,1645.55,12.28
27-02-2024,-256.36,701.89,27.64
26-02-2024,1551.85,1339.46,19.32
23-02-2024,-188.04,461.99,-0.71
22-02-2024,393.71,-754.95,4.73
21-02-2024,2973.5,2246.56,25.51
20-02-2024,172.68,231.56,51.41
16-02-2024,1143.05,1442.99,14.94
15-02-2024,-2628.26,181.16,5790.18
14-02-2024,233.61,547.5,16.74
13-02-2024,220.37,739.63,13.79
12-02-2024,330.32,-1044.06,16.1
09-02-2024,-4044.84,2821.24,-1.59
08-02-2024,-1601.32,677.88,27.99
07-02-2024,-472.77,3030.59,938.93
06-02-2024,762.88,456.13,1.59
05-02-2024,228.48,2663.92,1.47
02-02-2024,312.64,2308.99,9.96
01-02-2024,1740.15,2712.38,15.27
31-01-2024,-1814.65,3053.29,-3.02
30-01-2024,-4264.4,1121.23,3.4
29-01-2024,5069.88,-90.49,-5.81
25-01-2024,-5426.4,200.91,1.97
24-01-2024,-2707.2,1146.33,5.33
23-01-2024,-3553.9,534.95,1.67
19-01-2024,-9194.65,1364.56,10.34
18-01-2024,-10482.64,579.11,19.08
17-01-2024,1181.73,2826.48,21.63
16-01-2024,2015.34,773.58,3.21
15-01-2024,-430.73,2369.76,42.36
12-01-2024,-775.46,959.06,18.28
11-01-2024,-1650.78,-424.2,10.43
10-01-2024,-537.06,1519.9,3.05
09-01-2024,285.0,-69.04,-11.96
08-01-2024,1769.05,1595.69,-8.39
05-01-2024,1389.2,822.52,13.22
04-01-2024,-571.52,-1236.18,-6.39
03-01-2024,1594.76,649.67,-9.63
02-01-2024,253.24,16.65,9.72
01-01-2024,2107.64,1412.28,-94.34
29-12-2023,5656.82,1219.05,-29.86
28-12-2023,3203.24,221.16,-1.67
27-12-2023,537.51,-5192.79,21.41
26-12-2023,-576.06,2093.08,-2.46
22-12-2023,-1311.16,651.34,2.48
21-12-2023,2007.33,332.77,4033.1
20-12-2023,1859.92,1371.39,3.02
19-12-2023,1786.51,1988.59,7.64
18-12-2023,10237.19,2544.84,86.52
15-12-2023,3473.78,1668.13,-10.24
14-12-2023,5300.35,514.2,18.78
13-12-2023,2588.08,944.11,24.92
12-12-2023,871.91,236.73,56.52
11-12-2023,3993.95,1234.54,18.53
08-12-2023,-453.66,1047.5,6.66
07-12-2023,200.28,-1399.34,3.68
06-12-2023,5795.2,2041.05,3.68
05-12-2023,5501.97,2614.33,3.51
04-12-2023,5717.47,983.73,0.07
01-12-2023,9744.03,-958.74,0.81
30-11-2023,4313.3,345.07,-8.16
29-11-2023,1786.47,399.8,-3.27
28-11-2023,2522.82,1519.16,-1.75
24-11-2023,1433.66,-2619.82,3.18
23-11-2023,-1364.76,1549.13,-3.78
22-11-2023,-152.5,618.84,-1.43
21-11-2023,-598.73,-35.67,-5.07
20-11-2023,-372.74,-148.36,-3.78
17-11-2023,1325.45,1773.38,-15.2
16-11-2023,1523.33,949.99,-0.82
15-11-2023,-938.04,636.36,-1.86
13-11-2023,5328.08,3274.61,-5.5
10-11-2023,-1462.36,812.3,-8.26
09-11-2023,-893.02,1848.27,1.87
08-11-2023,-312.49,854.76,-0.47
07-11-2023,359.87,56.6,-5.64
06-11-2023,-85.47,551.56,2.6
03-11-2023,-1188.16,2289.46,6.0
02-11-2023,-1790.88,63.22,1.29
01-11-2023,-433.05,858.77,-1.75
31-10-2023,-1697.33,582.59,2.73
30-10-2023,-2493.88,293.38,-1.87
27-10-2023,-6396.4,-176.48,-38.3
26-10-2023,-4025.21,58.7,-17.13
25-10-2023,409.88,-117.61,-4.93
23-10-2023,1801.6,499.48,0.48
20-10-2023,-951.93,-40.53,-2.82
19-10-2023,-1989.61,222.55,5.2
18-10-2023,590.58,293.66,-5.2
17-10-2023,-392.85,467.37,-2.07
16-10-2023,381.53,734.49,1.36
13-10-2023,-1747.01,843.31,1.71
12-10-2023,-178.27,5.94,-2.98
11-10-2023,-904.21,539.23,-2.95
10-10-2023,772.83,-473.81,-6.45
09-10-2023,270.6,1040.9,-2.02
06-10-2023,-337.42,165.51,-17.91
05-10-2023,-3956.74,-593.26,-2.07
04-10-2023,-836.06,1038.05,-15.36
03-10-2023,-2867.76,1404.2,-4.89
28-09-2023,-2189.32,-111.95,3.64
27-09-2023,137.82,693.95,5.19
26-09-2023,-1386.62,20.68,5.44
25-09-2023,-1165.26,259.1,16.58
22-09-2023,-1875.38,293.52,-53.1
21-09-2023,-3075.88,-1394.2,-11.96
20-09-2023,-745.58,215.04,-11.9
18-09-2023,300.84,-719.91,-52.93
15-09-2023,688.78,673.7,-1.59
14-09-2023,-2293.06,962.96,-4.31
13-09-2023,-330.83,-480.73,8.09
12-09-2023,1466.7,-92.4,8.84
11-09-2023,-97.07,160.62,-1.41
08-09-2023,-719.15,352.26,-0.82
07-09-2023,-2832.84,229.52,1.21
06-09-2023,-1311.57,-873.33,2.31
05-09-2023,-2375.64,-10.34,-0.62
04-09-2023,1778.0,761.07,44.32
01-09-2023,1258.56,53.05,7.52
31-08-2023,9.86,40.72,-11.25
30-08-2023,792.77,1257.03,4.35
29-08-2023,2476.01,691.67,-3.35
28-08-2023,-1706.33,70.96,-50.97
25-08-2023,2205.79,-1421.22,1.94
24-08-2023,901.63,-629.69,4.7
23-08-2023,-108.75,-2101.29,-7.3
22-08-2023,-1277.22,1555.55,-10.52
21-08-2023,574.85,1109.34,20.9
18-08-2023,-986.97,94.57,719.25
17-08-2023,8643.48,552.43,8.81
14-08-2023,-2534.61,1197.66,11.63
11-08-2023,2048.64,204.6,-11.32
10-08-2023,996.94,1146.25,-2.56
09-08-2023,-58.45,-223.81,-11.5
08-08-2023,2251.98,-132.75,-23.94
07-08-2023,66.39,414.07,-14.11
04-08-2023,216.64,-313.62,-25.95
03-08-2023,-1501.84,-35.3,664.34
02-08-2023,25.65,1091.56,13.68
01-08-2023,-774.18,231.07,-1.09
31-07-2023,1252.35,144.31,-0.29
28-07-2023,-1249.82,55.73,-7.8
27-07-2023,1130.96,17.69,-6.4
26-07-2023,2854.8,38.27,4.08
25-07-2023,230.51,1537.0,-8.21
24-07-2023,-1405.07,260.27,-2.07
21-07-2023,4638.87,1056.61,-7.04
20-07-2023,2193.99,-154.14,-3.8
19-07-2023,2527.61,410.52,-0.18
18-07-2023,504.66,240.41,-0.91
17-07-2023,3278.87,-38.9,3.53
14-07-2023,5650.65,-310.42,5.91
13-07-2023,-333.6,-476.59,-5.44
12-07-2023,1469.15,485.17,-2.0
11-07-2023,1059.33,-173.97,-11.43
10-07-2023,870.68,161.62,-4.35
07-07-2023,2832.79,-31.88,-33.14
06-07-2023,2289.64,-125.54,-3.32
05-07-2023,2515.33,-604.72,-5.73
04-07-2023,2456.38,-969.85,-15.86
03-07-2023,11849.68,-22.31,-35.51
30-06-2023,14803.87,11607.08,-44.91
28-06-2023,1830.64,-850.48,-0.28
27-06-2023,-349.33,-544.91,-9.42
26-06-2023,199.33,3069.59,-3.62
23-06-2023,946.28,-3447.47,-17.74
22-06-2023,5508.03,-1407.67,-10.45
21-06-2023,5866.41,-691.9,-6.66
20-06-2023,1756.21,-965.25,-6.35
19-06-2023,181.15,1007.75,-4.21
16-06-2023,3282.01,-734.67,-47.39
15-06-2023,1862.82,-121.8,-1.98
14-06-2023,2200.33,140.74,-402.43
13-06-2023,-594.43,-178.71,-7.24
12-06-2023,-133.06,1436.82,-25.72
09-06-2023,612.92,-276.93,-29.43
08-06-2023,1443.99,-249.33,-3.72
07-06-2023,1111.41,504.83,-94.65
06-06-2023,-512.86,488.74,-23.34
05-06-2023,643.15,776.76,957.81
02-06-2023,2651.98,-494.34,-35.5
01-06-2023,3837.49,-132.12,-10.14
31-05-2023,2441.34,645.36,-10.1
30-05-2023,2290.42,-19.73,-14.22
29-05-2023,1789.66,1623.57,-37.98
26-05-2023,2511.68,1364.16,-303.44
25-05-2023,1497.86,1047.82,-4.13
24-05-2023,319.38,-491.32,-1.92
23-05-2023,1289.58,306.67,-15.5
22-05-2023,752.67,-648.07,-39.59
19-05-2023,1804.64,-55.82,-5.52
18-05-2023,805.79,1390.31,317.3
17-05-2023,1715.9,1334.02,-13.86
16-05-2023,1880.04,-850.95,-4.83
15-05-2023,1587.34,-766.51,-4.38
12-05-2023,990.35,626.57,-9.11
11-05-2023,2295.56,763.82,-0.74
10-05-2023,2000.78,-827.9,-16.16
09-05-2023,3162.52,922.8,-0.32
08-05-2023,3852.61,646.4,-148.66
04-05-2023,1389.42,-988.55,-0.3
03-05-2023,2991.73,-1349.51,12.8
02-05-2023,6468.84,116.68,2.28
28-04-2023,3935.84,665.21,1.6
27-04-2023,1443.53,1100.96,1.93
26-04-2023,-361.98,-8.86,-1.25
25-04-2023,-336.03,-814.0,-2.55
24-04-2023,-1693.76,-346.54,-1.09
21-04-2023,-967.59,1539.22,0.64
20-04-2023,169.54,99.3,62.44
19-04-2023,-552.03,828.79,0.69
18-04-2023,422.01,-762.46,0.79
17-04-2023,804.35,962.89,3.86
13-04-2023,2151.92,48.12,-185.3
12-04-2023,1030.46,-542.12,3.74
11-04-2023,1383.46,838.11,-0.47
10-04-2023,454.26,499.32,-3.33
06-04-2023,822.46,-1206.81,-1.72
05-04-2023,558.14,-1374.42,-3.57
03-04-2023,2366.24,513.46,-2.61
31-03-2023,835.25,-2371.56,-0.46
29-03-2023,1946.85,428.76,-1.88
28-03-2023,-622.75,332.95,0.93
27-03-2023,-1456.74,-1972.3,2.13
24-03-2023,386.49,-515.82,-8.06
23-03-2023,-1044.33,623.48,6.13
21-03-2023,-1905.65,95.02,20.36
20-03-2023,-1698.69,4807.65,-17.82
17-03-2023,166.7,1486.28,-1.37
16-03-2023,-1246.69,496.87,21.64
15-03-2023,-2208.84,1615.44,-3.2
14-03-2023,3008.62,278.17,-5.31
13-03-2023,-1764.36,-168.83,-2.73
10-03-2023,-453.45,-979.59,3.34
09-03-2023,3950.96,-2423.39,-36.29
08-03-2023,866.04,-3717.96,3.12
06-03-2023,236.84,-1782.74,1262.68
03-03-2023,12741.05,151.26,-1.68
02-03-2023,840.93,292.5,-11.04
01-03-2023,-4642.6,92.42,-35.52
28-02-2023,-1628.51,185.21,-10.05
27-02-2023,-1353.06,-484.46,-19.97
24-02-2023,-999.12,72.82,-8.57
23-02-2023,-61.88,1144.49,-21.18
22-02-2023,1028.76,-720.58,-22.59
21-02-2023,470.06,205.12,-13.38
20-02-2023,-744.54,612.37,-10.07
17-02-2023,2029.46,94.74,-8.81
16-02-2023,771.03,-240.02,-5.47
15-02-2023,1642.61,-378.79,-10.57
14-02-2023,1496.95,630.1,-4.95
13-02-2023,1725.78,-1580.49,-5.18
10-02-2023,32.68,-1423.05,1.69
09-02-2023,-456.38,-1355.92,-0.78
08-02-2023,-2206.82,-850.3,2.63
07-02-2023,-1038.49,-398.98,-25.3
06-02-2023,-249.91,372.47,-10.5
03-02-2023,-3637.69,942.69,-30.64
02-02-2023,2542.63,2948.41,-6.59
01-02-2023,-4657.87,1616.39,-26.75
31-01-2023,-5692.85,441.54,-16.5
30-01-2023,-6136.26,-936.0,-7.44
27-01-2023,-256.5,999.53,-1.63
25-01-2023,-114.28,1044.39,-0.25
24-01-2023,224.23,-19.55,-1.44
23-01-2023,-1640.75,512.5,-5.28
20-01-2023,587.9,649.87,-1.52
19-01-2023,54.59,-144.91,-13.32
18-01-2023,1358.7,132.45,-3.43
17-01-2023,1570.73,720.82,-10.86
16-01-2023,-3739.49,1107.13,-7.33
13-01-2023,-1346.79,-263.72,-5.68
12-01-2023,-3404.91,-213.01,-4.48
11-01-2023,-1825.37,-118.46,-5.69
10-01-2023,57.41,670.83,-7.0
09-01-2023,-2676.06,-128.76,-18.65
06-01-2023,-1256.41,-125.86,-6.4
05-01-2023,-2461.11,-500.3,-8.59
04-01-2023,-256.28,-842.15,-4.64
03-01-2023,1661.53,74.91,-1.36
02-01-2023,-3560.05,-606.53,-14.96
30-12-2022,468.84,-363.77,-3.89
29-12-2022,-427.73,2050.89,-12.08
28-12-2022,161.57,-45.08,-10.32
27-12-2022,236.69,632.05,-6.43
26-12-2022,-877.76,-920.18,-12.92
23-12-2022,1158.46,201.67,-8.3
22-12-2022,-499.45,-939.36,-6.23
21-12-2022,1218.24,103.2,-8.09
20-12-2022,-137.57,-797.13,-7.25
19-12-2022,-737.43,117.46,7.38
16-12-2022,1538.33,-304.51,16.71
15-12-2022,331.32,-119.84,-1.37
14-12-2022,668.63,-3882.16,1.56
13-12-2022,3615.23,267.58,0.08
12-12-2022,-97.99,-298.49,23.75
09-12-2022,-779.05,390.32,-1.26
08-12-2022,-1382.17,151.71,3.62
07-12-2022,-257.01,385.36,-2.3
06-12-2022,-894.03,270.37,4.37
05-12-2022,374.4,896.57,-7.64
02-12-2022,-1475.18,-353.57,-4.88
01-12-2022,8912.65,612.11,31.98
30-11-2022,1279.32,-20.23,-3.48
29-11-2022,2614.98,-695.2,-2.16
28-11-2022,714.08,356.05,4.96
25-11-2022,4234.36,477.14,3.78
24-11-2022,-1802.54,382.26,-1.91
23-11-2022,-237.33,100.71,-0.14
22-11-2022,-1220.93,-2941.39,-49.16
21-11-2022,272.21,423.99,-13.56
18-11-2022,1583.28,706.72,-18.8
17-11-2022,38.9,999.13,-18.83
16-11-2022,-126.12,435.42,-40.98
15-11-2022,2993.34,48.37,24.03
14-11-2022,6916.11,269.4,-7.98
11-11-2022,-387.68,-152.86,-22.59
10-11-2022,546.42,299.98,-8.99
09-11-2022,1942.01,-374.56,-24.4
07-11-2022,1598.59,-78.28,-17.67
04-11-2022,778.41,31.26,-10.14
03-11-2022,1391.63,-389.41,8.7
02-11-2022,6193.21,56.68,-8.82
01-11-2022,6916.41,-2112.17,-6.27
31-10-2022,1577.77,-1984.58,-1.75
28-10-2022,3498.91,350.17,-20.92
27-10-2022,331.05,-10.84,-14.7
25-10-2022,576.37,-186.02,-9.77
21-10-2022,1687.32,-381.31,-44.04
20-10-2022,-380.63,303.06,-5.09
19-10-2022,858.06,309.3,-8.58
18-10-2022,-184.04,680.75,-5.69
17-10-2022,-515.4,-618.98,-33.65
14-10-2022,-1106.63,-292.88,-3.92
13-10-2022,-357.26,-55.27,-21.16
12-10-2022,-3761.17,526.73,-15.24
11-10-2022,-765.05,-179.05,-9.94
10-10-2022,-3908.08,1256.95,-17.26
07-10-2022,749.29,-309.36,-17.9
06-10-2022,1936.08,-385.33,-13.43
04-10-2022,1277.6,-94.21,-16.7
03-10-2022,-1522.48,-1699.79,-41.43
30-09-2022,-3873.48,-250.8,-2.74
29-09-2022,-2096.09,-441.41,-12.89
28-09-2022,-3039.94,-941.74,316.23
27-09-2022,-4651.95,91.16,-2.06
26-09-2022,-2600.04,-523.26,-4.88
23-09-2022,-2227.44,-1176.93,-25.57
22-09-2022,-278.5,-663.38,-3.19
21-09-2022,1804.05,-198.53,-0.75
20-09-2022,732.25,-24.41,13.61
19-09-2022,-3476.73,6133.93,566.4
16-09-2022,-679.49,850.13,-3.43
15-09-2022,-1374.66,-1.73,-13.06
14-09-2022,4573.71,956.83,-6.57
13-09-2022,1696.4,-387.87,-2.18
12-09-2022,2274.84,-44.66,-0.89
09-09-2022,2836.17,-43.49,30.93
08-09-2022,111.05,267.09,347.53
07-09-2022,1704.81,568.5,-4.93
06-09-2022,263.62,122.72,-16.68
05-09-2022,-1284.92,-1330.97,-39.7
02-09-2022,-2296.99,-464.83,-17.13
01-09-2022,4259.67,60.32,-6.37
30-08-2022,2064.22,-805.73,-8.12
29-08-2022,-113.57,360.16,-6.73
26-08-2022,2361.17,1316.38,-4.13
25-08-2022,168.05,-74.48,-1.36
24-08-2022,1057.65,3153.08,13.59
23-08-2022,-346.34,1.83,2.08
22-08-2022,1532.0,-38.63,23.27
19-08-2022,3457.21,429.85,-953.86
18-08-2022,4308.13,344.1,1.28
17-08-2022,14263.35,953.87,-6.16
12-08-2022,2248.85,364.1,-6.26
11-08-2022,2454.99,711.61,-10.16
10-08-2022,1573.51,-109.49,-112.07
08-08-2022,1999.91,136.51,-185.26
05-08-2022,1728.12,365.01,-7.32
04-08-2022,3967.58,1599.04,-11.73
03-08-2022,1662.52,-1778.35,-239.44
02-08-2022,5346.9,449.76,-4.67
01-08-2022,1470.17,-536.91,-7.98
29-07-2022,6451.09,-922.81,-3.77
28-07-2022,-94.0,-538.53,-19.16
27-07-2022,-1277.72,829.0,-16.89
26-07-2022,-574.76,-1244.36,-27.32
25-07-2022,-615.09,-830.67,-13.96
22-07-2022,1874.98,578.74,-11.44
21-07-2022,7011.82,1672.51,-6.34
20-07-2022,1059.47,-932.98,-11.32
19-07-2022,219.99,579.49,-6.93
18-07-2022,-1634.52,-133.59,-7.83
15-07-2022,363.22,-1052.18,-8.02
14-07-2022,-2720.55,-701.01,-5.9
13-07-2022,-1457.29,198.95,-16.62
12-07-2022,359.16,-36.37,-6.39
11-07-2022,119.12,7.68,-7.75
08-07-2022,-881.79,1258.99,-1.97
07-07-2022,-795.5,890.35,4.06
06-07-2022,2133.01,297.8,0.09
05-07-2022,-1433.67,-183.28,-7.43
04-07-2022,-2857.39,-2020.43,-10.08
01-07-2022,-260.79,-558.27,8.48
30-06-2022,-308.82,135.35,1.09
29-06-2022,-852.66,-1483.24,-17.35
28-06-2022,-1091.79,-950.93,-16.39
27-06-2022,-2108.57,-885.24,-6.95
24-06-2022,-2010.39,-87.48,-9.94
23-06-2022,-2612.92,2463.56,-1.8
22-06-2022,-1177.23,432.11,-3.82
21-06-2022,341.82,-744.61,-10.65
20-06-2022,-8952.72,1278.39,-22.04
17-06-2022,-3122.71,-150.6,-4.5
16-06-2022,-3358.16,-20.94,-18.01
15-06-2022,-4312.86,-78.86,-5.72
14-06-2022,-3566.08,77.08,-5.34
13-06-2022,-3181.54,-1714.45,5.28
10-06-2022,-1400.99,-4.69,111.4
09-06-2022,-2407.7,1232.75,7.78
08-06-2022,-2241.94,-70.7,47.56
07-06-2022,-1854.22,-1557.63,0.71
06-06-2022,-3694.87,222.35,2.97
03-06-2022,-571.4,596.98,4.4
02-06-2022,-722.39,-135.09,13.36
01-06-2022,-994.67,118.55,36.08
31-05-2022,2281.21,411.39,3.47
30-05-2022,-3136.8,-226.48,-2.83
27-05-2022,-564.29,-154.09,-1.83
26-05-2022,-1617.06,310.99,-8.53
25-05-2022,-1990.1,647.74,-3.12
24-05-2022,-1284.66,-236.6,-0.36
23-05-2022,1455.77,122.03,-4.29
20-05-2022,-3842.83,171.41,-3.08
19-05-2022,-900.69,307.83,-4.62
18-05-2022,-1662.42,37.83,-3.51
17-05-2022,-3515.02,-1715.97,1.53
13-05-2022,-4809.89,-386.01,-1.78
12-05-2022,-3003.58,23.21,-5.86
11-05-2022,-3476.07,1671.05,-6.5
10-05-2022,-2891.32,2610.38,-5.48
09-05-2022,-4618.05,260.78,-5.78
06-05-2022,-1560.24,-400.5,0.6
05-05-2022,-2867.25,-742.1,5.41
04-05-2022,1334.57,398.22,-7.28
02-05-2022,-3324.5,425.93,-7.84
29-04-2022,1889.89,-49.85,1.79
28-04-2022,-2790.76,-1387.19,-4.53
27-04-2022,104.37,1065.16,1.07
26-04-2022,-2644.0,-957.44,59.9
25-04-2022,-1416.8,-798.11,105.3
22-04-2022,-602.06,145.28,-9.05
21-04-2022,-2339.61,-978.24,-6.53
20-04-2022,-5089.87,-1165.22,-4.86
19-04-2022,-6483.04,322.11,-9.83
18-04-2022,-960.49,-1236.24,-2.29
13-04-2022,-2659.63,-98.41,-17.81
12-04-2022,-1463.51,-558.57,-11.1
11-04-2022,-395.38,-508.1,-10.98
08-04-2022,-4494.76,-381.18,-10.46
07-04-2022,-1412.91,2679.94,7.12
06-04-2022,3486.71,-293.43,-4.93
05-04-2022,1450.66,1716.08,-3.44
04-04-2022,8677.44,-3130.5,-10.08
30-03-2022,-176.82,-1831.13,5.48
29-03-2022,-390.54,-819.78,-6.86
28-03-2022,-1389.58,977.0,-3.82
25-03-2022,-1347.33,-189.45,-2.22
24-03-2022,895.11,85.59,2.49
23-03-2022,724.75,29.65,-5.61
22-03-2022,-2862.71,127.71,-11.79
21-03-2022,3119.77,-878.0,-27.15
17-03-2022,541.37,-673.74,-13.88
16-03-2022,-1104.77,-237.61,0.36
15-03-2022,971.88,220.14,-6.56
14-03-2022,-1319.29,-688.48,-4.04
11-03-2022,744.71,223.81,-4.85
10-03-2022,-4476.17,-295.4,-5.54
09-03-2022,-7296.41,-406.74,-7.39
08-03-2022,-7921.23,-16.08,-9.59
07-03-2022,-7498.62,-1128.48,27.44
04-03-2022,-6530.58,-787.62,-6.54
03-03-2022,-4055.93,-1401.3,0.04
02-03-2022,-4134.16,-618.78,-2.43
28-02-2022,-4433.96,1881.5,-9.27
25-02-2022,-6687.44,-25.98,7.18
24-02-2022,-2838.28,230.42,4.08
23-02-2022,-2458.2,-433.31,-4.88
22-02-2022,-774.27,402.53,-0.1
21-02-2022,-3057.99,-1012.63,-1.31
18-02-2022,-710.02,278.38,12.42
17-02-2022,-367.48,746.8,19.86
16-02-2022,-1391.12,-291.76,1.48
15-02-2022,-3144.31,313.06,109.59
14-02-2022,351.48,154.9,-4.77
11-02-2022,-1692.63,-1161.35,-0.07
10-02-2022,-650.21,-164.42,2.36
09-02-2022,69.7,-676.49,34.63
08-02-2022,972.21,230.65,2.5
07-02-2022,-5152.84,115.01,-29.79
04-02-2022,-2096.47,-1499.54,140.06
03-02-2022,602.76,-853.97,-5.9
02-02-2022,-95.73,-371.48,-157.11
01-02-2022,-2037.18,-448.62,-10.7
31-01-2022,-5060.5,870.54,0.94
28-01-2022,-5521.0,-661.98,-6.67
27-01-2022,-6956.41,-180.13,-9.55
25-01-2022,-3899.19,1024.99,2.69
24-01-2022,-3075.02,-52.35,-6.28
21-01-2022,-4594.48,129.58,-6.99
20-01-2022,-2638.49,162.68,-4.27
19-01-2022,-596.69,315.64,8.14
18-01-2022,-243.6,427.36,-7.15
17-01-2022,-2574.65,1526.46,-17.39
14-01-2022,-1370.86,926.93,3.16
13-01-2022,-725.47,51.04,-3.28
12-01-2022,403.31,391.35,-5.47
11-01-2022,-145.41,-754.42,1748.74
10-01-2022,492.94,123.91,9.29
07-01-2022,-1697.04,2275.97,1.46
06-01-2022,591.58,-757.66,-2.47
05-01-2022,1356.55,-2071.92,-1.63
04-01-2022,2316.59,-319.68,-2.85
03-01-2022,634.39,-348.05,-3.53
31-12-2021,-1132.46,879.49,-13.14
30-12-2021,-746.76,-516.17,-15.63
29-12-2021,1629.79,-1057.31,-7.44
28-12-2021,-718.58,-224.82,-6.34
27-12-2021,-232.84,-3780.75,-9.35
24-12-2021,314.84,-284.86,-3.41
23-12-2021,-463.21,569.53,-0.31
22-12-2021,-303.24,1074.66,-1.83
21-12-2021,-3063.67,-3080.58,-27.36
20-12-2021,-840.0,79.51,-23.46
17-12-2021,-483.52,-409.96,-12.21
16-12-2021,-2651.23,-1037.13,-2.89
15-12-2021,-31.05,-656.63,2.6
14-12-2021,-1918.88,85.74,-3.43
13-12-2021,-923.36,-776.22,1.08
10-12-2021,7947.55,-383.76,-9.14
09-12-2021,946.81,-129.31,-34.91
08-12-2021,-2111.21,-490.94,-56.4
07-12-2021,-2989.72,-476.31,-13.5
06-12-2021,-2955.18,-442.16,-7.16
03-12-2021,-301.53,565.1,-3.45
02-12-2021,-2757.21,-484.09,-3.15
01-12-2021,-5241.4,569.35,-17.68
30-11-2021,-3643.08,67.75,-3.36
29-11-2021,-3702.5,-537.78,-9.57
26-11-2021,-172.09,-275.22,5.94
25-11-2021,-8054.0,-1353.73,-15.83
24-11-2021,-4659.65,-1094.85,11.56
23-11-2021,-2109.73,-137.01,-12.1
22-11-2021,2344.85,1118.91,-2.59
18-11-2021,1135.21,498.36,2.74
17-11-2021,14239.97,-528.89,2.69
16-11-2021,922.18,627.33,-214.58
15-11-2021,2447.82,1318.86,207.93
12-11-2021,3763.62,-84.85,-2.11
11-11-2021,-2942.39,2855.69,2.42
10-11-2021,631.88,-436.86,-4.4
09-11-2021,-1044.45,148.66,33.34
08-11-2021,-519.55,-220.79,4.29
03-11-2021,1171.27,1064.69,-13.09
02-11-2021,-278.09,165.19,-15.23
01-11-2021,-5476.37,253.03,-2.2
29-10-2021,-2436.13,611.44,1.82
28-10-2021,-1818.66,146.69,-9.24
27-10-2021,-2280.39,-274.67,-30.41
26-10-2021,-1898.67,217.07,0.21
25-10-2021,-2784.74,2065.19,7.42
22-10-2021,-2415.36,1133.37,27.75
21-10-2021,-1669.07,-32.39,-11.05
20-10-2021,48.75,-528.85,-20.21
18-10-2021,1478.66,-367.35,14.0
14-10-2021,1255.91,-14.07,4.97
13-10-2021,254.83,-62.63,-4.53
12-10-2021,-325.34,-690.4,-11.32
11-10-2021,-2489.77,-1398.69,-26.48
08-10-2021,-1108.4,273.4,-35.09
07-10-2021,-783.4,1878.46,-12.89
06-10-2021,587.48,-9.34,-19.77
05-10-2021,3232.1,-179.03,-13.83
04-10-2021,1594.9,-1813.65,-2.64
01-10-2021,-1992.37,317.61,-18.12
30-09-2021,1343.39,1494.55,58.89
29-09-2021,-1877.18,243.88,-50.77
28-09-2021,-419.32,5521.03,-34.13
27-09-2021,570.45,-2235.63,-41.69
24-09-2021,615.68,1398.72,-30.4
23-09-2021,-1575.32,906.77,-12.88
22-09-2021,1333.44,413.45,-38.36
21-09-2021,79.39,746.2,-96.17
20-09-2021,1795.78,-144.15,-31.45
17-09-2021,1839.47,979.71,46.25
16-09-2021,832.61,200.12,1455.06
15-09-2021,1629.92,-313.06,15.32
14-09-2021,1411.34,-105.68,20.53
13-09-2021,1189.52,1037.14,8.64
09-09-2021,-829.85,-209.52,7.24
08-09-2021,642.54,255.04,-10.57
07-09-2021,419.94,260.33,13.88
06-09-2021,-634.83,-67.7,-14.71
03-09-2021,1334.59,92.35,-13.23
02-09-2021,639.12,1509.45,-8.42
01-09-2021,2813.01,1379.8,-3.81
31-08-2021,1714.46,447.7,-5.58
30-08-2021,-617.29,435.08,-2.73
27-08-2021,-2259.82,-239.91,-2.74
26-08-2021,-887.19,10720.52,-8.09
25-08-2021,-30.31,434.7,29.39
24-08-2021,-1354.64,400.76,-14.09
23-08-2021,517.22,-66.32,120.43
20-08-2021,1102.69,546.38,-30.53
18-08-2021,1926.7,1213.1,-15.08
17-08-2021,-113.95,2528.25,-11.45
13-08-2021,289.84,-1951.31,-8.58
12-08-2021,297.12,134.7,-12.45
11-08-2021,-80.15,18.58,-0.47
10-08-2021,444.93,-87.07,-6.83
09-08-2021,158.02,-394.49,9.08
06-08-2021,-542.97,20.02,-5.1
05-08-2021,3465.95,76.12,-4.43
04-08-2021,2098.05,-454.61,-16.67
03-08-2021,-1487.84,444.6,-8.33
02-08-2021,-2557.88,149.4,91.06
30-07-2021,-182.97,88.43,-8.48
29-07-2021,-2442.96,410.99,-5.83
28-07-2021,-558.18,88.66,-7.56
27-07-2021,-2219.91,120.19,-10.13
26-07-2021,-215.11,136.92,-10.66
23-07-2021,4310.04,-1328.52,-14.34
22-07-2021,-2782.38,-511.65,-9.96
20-07-2021,-2278.56,1278.79,-14.06
19-07-2021,-423.65,719.03,-21.14
16-07-2021,383.16,888.08,-4.46
15-07-2021,-1224.53,-103.14,-6.12
14-07-2021,69.91,594.49,-9.43
13-07-2021,-490.7,-511.02,-5.88
12-07-2021,-1003.51,76.84,0.84
09-07-2021,-640.81,211.13,5.8
08-07-2021,661.1,747.71,-0.84
07-07-2021,1035.81,-899.07,-0.96
06-07-2021,438.89,608.48,4.85
05-07-2021,-2509.57,1780.52,-19.42
02-07-2021,-114.41,-323.73,-8.48
01-07-2021,-1120.02,-37.18,8.68
30-06-2021,3290.17,-458.93,-2.18
29-06-2021,-1177.92,52.48,6.83
28-06-2021,-179.07,-971.44,-1.55
25-06-2021,-780.23,-315.81,2.34
24-06-2021,-247.77,123.02,-1.37
23-06-2021,-679.57,181.93,-3.97
22-06-2021,-955.29,-134.21,-0.6
21-06-2021,2632.28,-777.43,-3.6
18-06-2021,-913.71,424.66,-7.16
17-06-2021,-886.26,271.29,-9.54
16-06-2021,679.77,74.08,-7.96
15-06-2021,807.16,-337.71,-2.01
14-06-2021,104.96,18.29,-2.2
11-06-2021,1442.43,1667.22,-4.13
10-06-2021,597.93,-2094.92,-90.09
09-06-2021,3839.01,-897.05,-6.7
08-06-2021,160.5,-466.8,-43.03
07-06-2021,1513.86,-456.63,-21.62
04-06-2021,1186.94,420.81,-25.22
03-06-2021,1092.44,-242.71,-22.81
02-06-2021,524.02,511.02,-17.16
01-06-2021,5163.36,-536.72,-31.75
31-05-2021,420.86,-1358.73,-31.72
28-05-2021,44.59,-950.66,-14.86
27-05-2021,1494.88,-213.82,-17.73
25-05-2021,1122.97,-74.93,-11.97
24-05-2021,332.41,959.15,11.02
21-05-2021,223.55,594.86,-54.95
20-05-2021,2532.89,-1584.93,-64.87
19-05-2021,1139.76,-301.26,-10.57
18-05-2021,-1357.24,151.97,-24.95
17-05-2021,-2482.16,3089.89,-20.46
14-05-2021,-1173.66,-95.82,-68.81
12-05-2021,715.92,-683.81,1296.69
11-05-2021,1168.73,-173.82,-8.53
10-05-2021,-1201.44,552.46,-7.04
07-05-2021,1086.43,380.71,-2.06
06-05-2021,-457.54,50.63,-243.5
05-05-2021,-1744.37,809.42,-13.13
04-05-2021,-1670.02,-93.7,-12.41
03-05-2021,-3150.9,-770.54,9.32
30-04-2021,1442.21,-827.23,-11.23
29-04-2021,913.04,-266.72,-12.55
28-04-2021,-1108.99,291.56,-9.39
27-04-2021,-1055.38,399.36,424.82
26-04-2021,-1175.89,-424.9,278.39
23-04-2021,-904.49,-583.47,1.39
22-04-2021,-728.17,-628.44,2.62
20-04-2021,-1654.14,586.59,-18.61
19-04-2021,-744.69,1649.56,-8.25
16-04-2021,-812.65,514.94,-13.36
15-04-2021,-2481.92,408.56,-15.55
12-04-2021,-607.71,-706.54,-7.39
09-04-2021,2083.51,116.53,-6.14
08-04-2021,402.69,-49.92,-2.11
07-04-2021,-872.97,-781.94,-2.69
06-04-2021,-659.88,-1361.3,-3.13
05-04-2021,-1693.71,1887.62,2.16
31-03-2021,-470.42,6891.41,8.36
30-03-2021,395.01,232.92,-12.58
26-03-2021,-2887.76,587.77,-27.1
25-03-2021,-1609.77,4676.09,-0.89
24-03-2021,-29.46,207.24,1.61
23-03-2021,276.5,174.67,-3.64
22-03-2021,606.22,-388.28,-7.75
19-03-2021,1314.19,-3.67,-9.41
18-03-2021,3231.4,-285.1,-3.63
17-03-2021,7257.37,1249.44,0.84
16-03-2021,-961.68,348.96,-16.28
15-03-2021,3891.32,-387.17,-7.92
12-03-2021,677.88,-472.09,-17.2
10-03-2021,2670.75,-53.15,-12.56
09-03-2021,-1202.22,-1255.96,-18.71
08-03-2021,-1796.32,-426.25,-10.44
05-03-2021,1358.4,898.03,-9.32
04-03-2021,2433.27,-2374.08,-41.27
03-03-2021,2649.35,-1534.89,-12.17
02-03-2021,849.41,-64.3,-27.26
01-03-2021,-8171.48,-1199.51,-54.08
26-02-2021,1790.14,-1835.74,-47.12
25-02-2021,-300.47,-2461.38,-36.68
24-02-2021,-345.21,2721.14,-43.7
23-02-2021,-493.35,-794.15,-68.13
22-02-2021,931.7,-514.67,-68.19
18-02-2021,1190.51,-598.01,-39.75
17-02-2021,2212.12,-920.53,-100.29
16-02-2021,1918.72,572.84,16.63
15-02-2021,-1710.02,261.32,870.68
12-02-2021,1023.63,71.59,-11.79
11-02-2021,1884.41,-264.56,-34.75
10-02-2021,3307.3,75.54,1.53
09-02-2021,2172.59,-208.15,-19.2
08-02-2021,1412.08,297.22,-16.16
05-02-2021,3797.76,375.65,-20.98
04-02-2021,2681.29,396.0,-15.93
03-02-2021,6809.23,783.88,-1.82
02-02-2021,1848.56,444.49,-10.97
01-02-2021,-4344.23,-526.92,-2.96
29-01-2021,-3781.08,346.03,-0.3
28-01-2021,-673.16,-1107.03,-1.75
27-01-2021,296.77,203.86,4.11
25-01-2021,-839.19,1746.19,-3.3
22-01-2021,1738.79,1977.64,-0.62
21-01-2021,2494.55,-2527.8,7.18
20-01-2021,847.23,-160.17,1.63
19-01-2021,1951.51,-1299.58,13.66
18-01-2021,-1052.86,-379.72,-10.4
15-01-2021,1611.72,-620.84,14.02
14-01-2021,2166.28,-559.13,-4.79
13-01-2021,941.11,-1360.67,5.29
12-01-2021,2939.88,-1864.19,-2.55
11-01-2021,6011.5,444.34,-1.24
08-01-2021,802.51,-1040.25,-7.37
07-01-2021,-345.28,-290.54,-7.08
06-01-2021,-193.25,393.45,-2.13
05-01-2021,2758.66,1071.63,3.77
04-01-2021,1180.24,23.01,21.19
01-01-2021,616.58,179.77,-46.62
31-12-2020,1762.71,1902.66,-14.25
30-12-2020,2411.26,73.43,-29.43
29-12-2020,1701.67,-275.53,-4.4
28-12-2020,-503.29,1389.87,-16.51
24-12-2020,699.46,-699.39,-25.53
23-12-2020,3221.95,-332.14,2434.99
22-12-2020,22.87,-1341.83,-11.27
21-12-2020,3840.64,-297.23,3.11
18-12-2020,2633.36,2340.44,-2.46
17-12-2020,2016.43,-513.56,-14.64
16-12-2020,2310.93,-2171.58,-3.32
15-12-2020,3477.27,1452.28,2.47
14-12-2020,5037.42,2469.57,2.12
11-12-2020,3513.12,306.11,-0.63
10-12-2020,3653.13,621.81,-8.74
09-12-2020,3122.59,623.6,-8.71
08-12-2020,3414.42,-116.99,-2.24
07-12-2020,3160.01,-188.51,2.26
04-12-2020,3685.73,2774.82,3.2
03-12-2020,163.73,-363.64,201.13
02-12-2020,3537.67,-487.54,-13.72
01-12-2020,9132.6,-624.94,-4.35
27-11-2020,3001.66,-499.11,-21.54
26-11-2020,-1337.52,-1205.16,-5.4
25-11-2020,5526.21,-755.43,-4.06
24-11-2020,4889.55,-607.54,-6.77
23-11-2020,3899.98,485.51,-4.86
20-11-2020,2188.16,-590.66,-4.28
19-11-2020,5403.75,-124.88,120.57
18-11-2020,5618.74,190.13,-6.45
17-11-2020,1730.94,27.71,-11.35
13-11-2020,3559.05,42.74,-8.0
12-11-2020,8580.01,2495.15,-18.9
11-11-2020,1423.32,57.05,-72.12
10-11-2020,4426.03,984.37,-28.16
09-11-2020,4883.99,276.95,-37.58
06-11-2020,5403.11,364.95,-11.57
05-11-2020,167.45,-774.71,-17.36
04-11-2020,1542.98,2433.31,-16.01
03-11-2020,856.21,-494.24,-5.97
02-11-2020,-1405.95,287.29,-9.54
29-10-2020,-872.11,-540.74,-3.78
28-10-2020,3589.14,-830.15,-7.08
27-10-2020,110.79,3.6,-5.76
26-10-2020,1070.94,1752.1,-5.26
23-10-2020,1225.46,507.65,-7.41
22-10-2020,2114.58,-144.12,-10.83
21-10-2020,1831.24,732.26,-11.07
20-10-2020,1990.63,112.46,-4.94
19-10-2020,-8.54,1809.03,-12.09
16-10-2020,-293.08,458.07,-45.04
15-10-2020,1149.13,-1291.84,-5.28
14-10-2020,1876.03,231.85,-10.71
13-10-2020,1766.32,736.14,-4.9
12-10-2020,-1254.66,3114.91,-25.51
09-10-2020,1225.82,-154.32,-8.21
08-10-2020,1019.93,-592.86,-11.4
07-10-2020,1061.4,-316.43,-7.0
06-10-2020,340.97,-398.55,-7.87
05-10-2020,1862.02,-1670.27,-4.23
01-10-2020,-265.28,-1026.65,-8.37
30-09-2020,-1065.93,-49.82,-12.59
29-09-2020,524.25,334.02,-2.51
28-09-2020,-3225.11,539.64,-3.19
25-09-2020,-1665.57,-25.13,-10.32
24-09-2020,-3882.05,216.76,-12.39
23-09-2020,-1774.79,-193.41,-1.13
22-09-2020,-283.4,996.99,-0.01
21-09-2020,1823.94,366.46,-50.1
18-09-2020,-131.25,-267.72,-20.11
17-09-2020,495.4,532.41,-11.69
16-09-2020,1854.56,895.71,-9.52
15-09-2020,600.01,-63.68,-25.88
14-09-2020,2457.77,-390.27,-5.74
11-09-2020,920.16,-57.55,-10.6
10-09-2020,-959.98,927.67,-12.28
09-09-2020,-157.14,164.1,-24.69
08-09-2020,169.2,-188.13,-35.99
07-09-2020,-2807.31,850.68,-17.87
04-09-2020,-118.88,626.78,13.03
03-09-2020,1227.71,-525.42,-5.16
02-09-2020,573.82,-196.5,-1.7
01-09-2020,-2357.94,-129.71,2482.71
31-08-2020,477.2,-1279.83,-6.25
28-08-2020,1432.59,-1313.22,-1.64
27-08-2020,1654.09,761.94,31.9
26-08-2020,1753.67,-800.34,-7.66
25-08-2020,1062.24,96.62,-6.69
24-08-2020,437.77,918.41,-10.38
21-08-2020,-161.28,-996.54,-8.58
20-08-2020,1098.76,834.17,-11.68
19-08-2020,1051.25,-184.95,-0.36
18-08-2020,12314.07,-172.36,15.37
17-08-2020,-187.73,-467.58,320.2
14-08-2020,496.92,857.46,-14.89
13-08-2020,3458.56,-407.75,-13.28
12-08-2020,11771.23,587.8,0.84
11-08-2020,1272.32,-296.84,7.52
10-08-2020,1306.48,829.74,75.79
07-08-2020,575.83,424.22,2.81
06-08-2020,-218.86,-130.62,215.12
05-08-2020,875.78,104.52,2761.06
04-08-2020,7524.13,-263.93,-0.61
03-08-2020,-915.37,350.97,-1.18
31-07-2020,1421.61,-762.79,0.37
30-07-2020,-290.87,-360.16,1.45
29-07-2020,183.28,-556.63,8.42
28-07-2020,39.45,-2.89,41.03
27-07-2020,3872.89,-157.45,14.54
24-07-2020,2114.35,1746.95,4.43
23-07-2020,1739.42,-298.26,1.77
22-07-2020,2090.21,-1511.54,-2.17
21-07-2020,1647.79,348.49,-2.19
20-07-2020,802.31,249.83,-0.64
17-07-2020,-1202.38,-865.77,3.9
16-07-2020,-34.97,-2792.36,-15.92
15-07-2020,-1591.57,828.11,-20.25
14-07-2020,-84.07,9.13,-1.58
13-07-2020,-934.29,519.55,-2.32
10-07-2020,3377.31,-1713.29,-15.14
09-07-2020,-1059.46,-64.03,2.03
08-07-2020,-1665.82,189.1,-1.93
07-07-2020,475.99,833.8,-1.59
06-07-2020,620.73,-120.42,0.3
03-07-2020,-331.25,-207.1,-11.29
02-07-2020,-1685.16,323.09,-0.38
01-07-2020,-1942.79,102.66,-2.13
30-06-2020,-103.91,1026.89,8.29
29-06-2020,-957.86,2851.79,-4.08
26-06-2020,-520.88,-109.78,2.09
25-06-2020,1090.41,110.68,1899.92
24-06-2020,129.55,350.96,-6.57
23-06-2020,430.81,125.57,-6.59
22-06-2020,1236.67,433.3,1.86
19-06-2020,556.61,-47.83,2.97
18-06-2020,777.02,227.14,6.9
17-06-2020,-1479.14,-515.68,0.96
16-06-2020,-2662.97,-140.77,3.29
15-06-2020,494.9,173.74,2.49
12-06-2020,857.81,758.42,5.36
11-06-2020,-370.57,122.48,8.66
10-06-2020,476.7,-477.34,3.54
09-06-2020,1052.84,-55.71,-0.2
08-06-2020,9.5,-387.47,3.21
05-06-2020,2624.19,-548.44,11.94
04-06-2020,2161.97,-959.53,2.31
03-06-2020,7890.19,191.76,5.22
02-06-2020,6933.09,-188.79,0.64
01-06-2020,1204.69,-720.64,4.85
29-05-2020,1996.32,-290.74,0.1
28-05-2020,-168.44,-2370.45,4.79
27-05-2020,4782.19,310.08,1.51
26-05-2020,-1130.57,-1217.82,1.72
22-05-2020,-206.21,323.25,1.96
21-05-2020,-1700.19,210.41,-2.64
20-05-2020,-1334.16,-929.37,2.06
19-05-2020,-2522.53,-581.02,0.78
18-05-2020,-2510.58,965.61,-2.89
15-05-2020,-2368.71,-5581.8,-1.77
14-05-2020,131.05,-510.26,-1.26
13-05-2020,-1839.13,-4224.91,-2.23
12-05-2020,648.97,-3076.76,3.05
11-05-2020,2153.56,-2263.99,5.43
08-05-2020,17122.71,-100.83,-2.33
06-05-2020,-323.86,-63.88,-0.98
05-05-2020,-934.3,-244.26,3.63
04-05-2020,2772.65,-2288.63,-0.18
30-04-2020,785.3,-4033.15,10.45
29-04-2020,49.21,-674.1,1.04
28-04-2020,-770.63,546.89,3.39
27-04-2020,-125.6,-833.92,1.08
24-04-2020,482.54,638.97,-2.53
23-04-2020,-791.23,3552.53,1.1
22-04-2020,-1830.85,199.24,2.36
21-04-2020,93.02,1541.85,12.41
20-04-2020,-967.03,-615.38,-3.68
17-04-2020,-2590.75,-1199.12,6.07
16-04-2020,909.32,143.38,11.84
15-04-2020,-1062.7,-165.74,-0.04
13-04-2020,1886.96,-1468.96,11.56
09-04-2020,2082.02,-2063.85,3.55
08-04-2020,1016.66,-1113.92,1.04
07-04-2020,-2248.2,-40.76,499.33
03-04-2020,-3801.61,-2933.11,-14.79
31-03-2020,-3624.66,-1801.95,-1.67
30-03-2020,1029.38,-1598.21,-0.95
27-03-2020,10.98,-1250.52,-1.96
26-03-2020,-3788.54,-570.3,-5.98
24-03-2020,-2640.13,-1548.19,1.05
23-03-2020,-3453.27,-3470.26,-2.87
20-03-2020,-4581.68,-5567.13,-22.84
19-03-2020,-5044.64,-1089.31,-7.64
18-03-2020,-3662.96,-8196.17,-6.49
17-03-2020,-4699.85,-11441.59,21.05
16-03-2020,-6741.02,-6477.87,-12.22
13-03-2020,-1802.06,-2988.79,0.12
12-03-2020,-3483.72,-7950.4,3.49
11-03-2020,-7012.27,2038.96,-1.92
09-03-2020,-3480.85,-139.65,0.2
06-03-2020,-2237.68,307.08,13.67
05-03-2020,-789.43,1429.42,2.39
04-03-2020,-2328.89,-1485.67,-6.6
03-03-2020,-300.61,-2213.27,3.55
02-03-2020,-3340.85,-2197.22,6.34
28-02-2020,-3064.85,-1835.06,0.71
27-02-2020,-3132.32,-1819.99,1913.77
26-02-2020,-1838.21,342.74,1.79
25-02-2020,-1735.67,-3187.1,484.01
24-02-2020,840.85,-1117.71,-2.35
20-02-2020,1293.17,-3081.99,4.49
18-02-2020,173.32,-78.41,2.32
17-02-2020,-1142.05,1321.16,3.91
14-02-2020,662.9,3539.72,4.63
13-02-2020,-663.01,-1273.78,-2.96
12-02-2020,2157.43,354.19,3.6
11-02-2020,-502.85,1542.71,-0.39
10-02-2020,9943.68,3677.53,1.29
07-02-2020,-100.98,5775.82,1.5
06-02-2020,530.45,3827.12,1.83
05-02-2020,922.96,-3345.14,-0.94
04-02-2020,1850.57,203.15,-0.37
03-02-2020,-4375.56,-110.95,-0.46
31-01-2020,625.92,1434.25,-0.1
30-01-2020,-1442.25,293.5,0.02
29-01-2020,-785.91,-1300.89,0.86
28-01-2020,-174.25,-673.02,-0.99
27-01-2020,595.42,807.29,-3.85
24-01-2020,1497.17,295.19,-3.18
23-01-2020,28.75,947.09,0.63
22-01-2020,1696.53,-1018.65,2.74
21-01-2020,1301.46,118.12,0.6
20-01-2020,-1420.64,-3110.26,-0.3
17-01-2020,9731.96,193.3,-12.5
16-01-2020,63.28,-834.38,-10.18
15-01-2020,-331.14,430.51,-7.99
14-01-2020,120.79,-1135.43,-1.56
13-01-2020,658.56,-111.58,-1.97
10-01-2020,156.51,45.98,-1.36
09-01-2020,-344.75,-262.59,-1.54
08-01-2020,-612.9,-587.42,-1.17
07-01-2020,-18.99,-3457.04,0.06
06-01-2020,1301.97,-1299.11,-0.06
03-01-2020,1088.24,-1348.83,1.75
02-01-2020,359.03,-1.45,2.43
01-01-2020,-1972.18,-543.38,-8.63
31-12-2019,278.71,-1119.22,0.42
30-12-2019,757.73,191.91,-0.78
27-12-2019,131.48,2468.38,-0.93
26-12-2019,-11.07,-15.68,-0.34
24-12-2019,2242.34,728.53,-1.03
23-12-2019,472.32,-3200.44,-1.26
20-12-2019,836.43,-1454.13,-0.42
19-12-2019,1852.6,458.16,-0.47
18-12-2019,1212.97,-615.31,1.82
17-12-2019,869.61,290.23,0.48
16-12-2019,117.49,-1512.14,-1.73
13-12-2019,-614.96,609.45,-0.74
12-12-2019,384.09,555.51,-0.35
11-12-2019,-181.93,-3942.3,-0.76
10-12-2019,733.37,43.57,-0.42
09-12-2019,-73.96,472.63,5.82
06-12-2019,437.41,-43.82,4.39
05-12-2019,195.45,47.26,-8.39
04-12-2019,-102.82,1200.73,6.09
03-12-2019,-1447.71,29.46,31.1
02-12-2019,-751.15,190.97,7.74
29-11-2019,1627.69,-1864.78,-1.82
28-11-2019,-1053.51,506.59,-10.2
27-11-2019,4515.33,-1219.03,3.75
26-11-2019,1986.63,-364.71,-0.04
25-11-2019,606.94,408.45,39.61
22-11-2019,5006.08,-322.5,-51.59
21-11-2019,427.96,-2430.22,56.43
20-11-2019,-626.39,-371.01,16.15
19-11-2019,-528.86,-898.09,23.96
18-11-2019,-1166.87,-570.09,2.23
15-11-2019,-431.03,-102.78,0.3
14-11-2019,1518.87,-977.62,12.97
13-11-2019,1579.98,343.36,19.25
11-11-2019,5334.01,-169.65,-3.15
08-11-2019,894.84,-1041.71,6.32
07-11-2019,1261.87,2743.8,-2.26
06-11-2019,398.99,221.69,0.19
05-11-2019,81.1,1037.86,3.71
04-11-2019,1807.16,1655.67,7.73
01-11-2019,1989.84,1056.56,2.72
31-10-2019,7594.51,478.18,5.81
30-10-2019,1519.6,2017.63,13.77
29-10-2019,-407.93,1434.72,3.0
25-10-2019,-193.38,-383.13,-0.17
24-10-2019,-149.07,-617.57,2.88
23-10-2019,-1073.9,318.36,0.32
22-10-2019,107.75,319.32,1.24
18-10-2019,1274.38,283.72,-5.46
17-10-2019,896.62,384.51,4.75
16-10-2019,2169.56,-448.1,-2.29
15-10-2019,6153.26,-56.65,2.2
14-10-2019,-568.12,1200.54,3.89
11-10-2019,-79.82,-794.26,-1.88
10-10-2019,-683.02,-620.35,-3.47
09-10-2019,-367.74,357.49,-2.61
07-10-2019,-877.54,772.52,4.6
04-10-2019,-1111.87,-86.7,4.7
03-10-2019,-1536.48,-561.24,-0.57
01-10-2019,-298.82,-329.38,0.37
30-09-2019,-302.0,-854.46,5.31
27-09-2019,11130.33,-1458.1,-0.45
26-09-2019,-352.32,73.42,-0.37
25-09-2019,-747.05,-188.87,5.29
24-09-2019,2804.28,-432.38,1.52
23-09-2019,592.64,485.53,-2.78
20-09-2019,-744.78,292.19,1.08
19-09-2019,-932.23,101.91,-0.76
18-09-2019,-680.61,-395.36,0.17
17-09-2019,-792.26,-2135.81,6.12
16-09-2019,-397.09,-350.31,4.07
13-09-2019,2609.4,96.38,1.67
12-09-2019,577.59,-140.73,0.78
11-09-2019,297.8,271.88,4.51
09-09-2019,-1252.02,643.8,3.34
06-09-2019,-415.56,745.86,-6.68
05-09-2019,-1260.07,-177.83,-0.23
04-09-2019,-3162.98,1839.71,-1.1
03-09-2019,574.82,593.12,3.09
30-08-2019,-627.22,735.62,0.31
29-08-2019,-1264.45,113.51,-24.69
28-08-2019,-1060.2,2573.95,-1.11
27-08-2019,-706.28,324.91,0.3
26-08-2019,-1828.8,-1166.34,-1.1
23-08-2019,-1289.92,2602.47,1.35
22-08-2019,-1044.33,399.24,-0.5
21-08-2019,-408.25,1896.66,1.89
20-08-2019,-265.04,1530.02,53.41
19-08-2019,1318.46,565.84,-0.89
16-08-2019,2024.82,460.91,5.74
14-08-2019,-560.13,-385.02,1.59
13-08-2019,-746.34,82.95,-13.07
09-08-2019,-1065.59,511.83,-1.24
08-08-2019,-511.78,1087.46,-0.73
07-08-2019,-1864.18,-311.22,-0.53
06-08-2019,-2170.96,-105.78,-0.16
05-08-2019,-2889.51,1003.77,5.53
02-08-2019,-1166.87,-1099.07,3.19
01-08-2019,-1465.71,850.55,19.26
31-07-2019,-675.36,254.21,-1.26
30-07-2019,-373.93,-120.41,-0.98
29-07-2019,3013.15,-1325.1,0.22
26-07-2019,535.1,33.01,2.77
25-07-2019,-1446.8,959.45,-0.59
24-07-2019,-2745.72,62.56,-5.5
23-07-2019,-1929.23,-529.41,0.75
22-07-2019,-1083.82,727.42,6.32
19-07-2019,-1401.54,-1014.8,0.71
18-07-2019,-85.86,-608.63,-0.72
17-07-2019,-358.48,788.17,-0.86
16-07-2019,-189.95,1049.06,-5.91
15-07-2019,-722.52,652.54,-15.46
12-07-2019,-176.81,600.96,-6.41
11-07-2019,-459.66,-515.02,5.02
10-07-2019,-876.83,1876.04,-3.1
09-07-2019,-329.85,1329.57,-1.26
08-07-2019,599.59,1978.58,-3.95
05-07-2019,555.96,303.52,4.38
04-07-2019,-1281.19,-733.41,1.14
03-07-2019,-1553.11,1275.27,5.93
02-07-2019,-863.03,523.64,1.08
01-07-2019,-568.84,1865.63,0.35
28-06-2019,45.92,-1318.26,209.37
27-06-2019,200.0,525.41,1648.82
26-06-2019,2419.91,-1212.47,335.15
25-06-2019,56.67,-205.76,1.94
24-06-2019,-1001.83,562.29,-0.05
21-06-2019,-179.24,679.06,2.77
20-06-2019,-22.58,804.04,-1.45
19-06-2019,66.12,-181.29,-1.83
18-06-2019,-322.78,-207.54,1.41
17-06-2019,-183.79,-741.78,0.45
14-06-2019,8.41,36.35,-1.35
13-06-2019,-643.57,-11.86,1.01
12-06-2019,301.72,431.77,1.97
11-06-2019,320.43,1785.68,-0.16
10-06-2019,-384.88,2193.27,-2.04
07-06-2019,-1565.88,975.03,-0.55
06-06-2019,136.0,1562.17,-0.3
04-06-2019,2351.08,723.04,-0.21
03-06-2019,993.81,1920.19,1.03
31-05-2019,2072.63,-677.63,3.1
30-05-2019,-101.49,534.42,-1.15
29-05-2019,4670.79,1047.24,1.11
28-05-2019,2933.82,1087.14,12.44
27-05-2019,391.98,1505.38,-16.79
24-05-2019,1439.86,-30.92,11.54
23-05-2019,-741.37,-557.96,-1.58
22-05-2019,1560.43,203.74,2.34
21-05-2019,1606.81,-12.44,-0.21
20-05-2019,-1127.35,-299.66,0.06
17-05-2019,-924.2,-246.67,0.59
16-05-2019,-1047.6,2558.08,70.54
15-05-2019,-1958.01,1100.78,1.72
14-05-2019,-952.72,-194.02,0.22
13-05-2019,-1248.57,-278.59,2188.72
10-05-2019,-549.4,-114.31,0.54
09-05-2019,-767.72,896.62,6.02
08-05-2019,2810.66,-90.42,2.92
07-05-2019,308.24,-1.9,-3.65
06-05-2019,-89.76,-4354.0,0.47
03-05-2019,545.03,-130.81,-8.46
02-05-2019,-912.33,-757.38,-6.91
30-04-2019,161.41,-1286.53,-1.79
26-04-2019,3854.61,-147.09,-1.38
25-04-2019,840.1,282.31,-2.49
24-04-2019,-166.9,-1174.17,-0.96
23-04-2019,107.91,-236.53,-1.67
22-04-2019,1084.76,412.49,-1.75
18-04-2019,1011.34,338.17,-1.82
16-04-2019,385.84,-9.52,-2.17
15-04-2019,605.6,-1066.52,2.9
12-04-2019,1016.42,-823.24,5.4
11-04-2019,1282.55,5.75,-1.34
10-04-2019,1229.57,-621.24,0.69
09-04-2019,121.25,20.29,-0.38
08-04-2019,669.91,-438.37,0.78
05-04-2019,-204.42,-1441.44,5.98
04-04-2019,-832.27,-2177.97,5.87
03-04-2019,473.97,-1742.82,25.16
02-04-2019,9551.8,5006.96,602.85
29-03-2019,3521.48,-999.88,2778.85
28-03-2019,1369.48,-951.96,0.58
27-03-2019,889.78,-847.19,1.51
26-03-2019,-660.52,3527.17,-1.43
25-03-2019,1436.16,486.47,0.02
22-03-2019,1350.95,1781.61,0.4
20-03-2019,2189.57,2651.74,0.23
19-03-2019,2502.21,930.01,0.09
18-03-2019,3462.39,2924.42,-0.16
15-03-2019,1948.94,1587.61,-1.84
14-03-2019,2213.0,-1692.58,-0.37
13-03-2019,3556.73,327.06,-0.98
12-03-2019,3452.87,1074.48,-1.44
11-03-2019,1126.36,4083.31,0.46
08-03-2019,1074.1,-709.65,-0.35
07-03-2019,1386.93,1092.9,-2.27
06-03-2019,-1869.56,-353.05,-1.45
05-03-2019,4165.21,439.0,-2.01
01-03-2019,864.48,-3349.84,-1.3
28-02-2019,-415.75,-1265.2,-0.6
27-02-2019,1662.5,-1689.94,-1.97
26-02-2019,1801.69,-313.98,-0.11
25-02-2019,12132.1,-818.98,864.65
22-02-2019,-337.61,734.42,-1.33
21-02-2019,1282.88,-1664.05,-1.52
20-02-2019,-1558.65,-111.42,0.26
18-02-2019,-2669.83,-660.41,1.13
15-02-2019,-671.59,-522.54,0.17
14-02-2019,-856.35,1854.5,1.9
13-02-2019,1169.6,-503.12,1.87
12-02-2019,-404.84,-427.64,0.32
11-02-2019,811.91,2147.06,6.69
08-02-2019,398.93,-511.51,2.51
07-02-2019,1092.73,-271.63,-0.52
06-02-2019,714.75,-862.99,-1.78
05-02-2019,-895.15,-1534.65,-0.83
04-02-2019,1206.67,481.54,-0.28
01-02-2019,2755.63,-96.75,0.0
31-01-2019,233.63,-434.07,-0.07
30-01-2019,-276.32,73.69,1.03
29-01-2019,-77.04,-141.99,0.88
28-01-2019,735.42,242.54,1.39
25-01-2019,-194.71,550.08,1.61
24-01-2019,-1067.27,-267.65,2.13
23-01-2019,448.25,-100.85,0.31
22-01-2019,850.15,-1066.7,-0.24
21-01-2019,-1928.43,1100.75,-0.09
18-01-2019,891.75,-283.8,-0.95
17-01-2019,-71.03,-965.6,0.0
16-01-2019,359.19,-691.95,0.0
15-01-2019,-865.46,-190.61,8.76
14-01-2019,-625.14,207.56,-5.44
11-01-2019,-307.59,-601.55,-0.38
10-01-2019,477.79,434.16,-0.07
09-01-2019,-717.07,-803.95,0.0
08-01-2019,304.56,121.19,0.0
07-01-2019,-409.57,-799.68,0.64
04-01-2019,-1057.7,1430.62,0.0
03-01-2019,-435.2,245.67,0.0
02-01-2019,471.62,-562.18,1.51
01-01-2019,-1001.84,1203.6,-4.51
31-12-2018,-229.91,-364.25,-4.33
28-12-2018,1577.38,-164.16,1.13
27-12-2018,-143.83,-47.41,-0.25
26-12-2018,-872.99,558.22,-0.64
24-12-2018,7.26,678.36,-1.6
21-12-2018,-629.96,759.23,-0.44
20-12-2018,1015.6,1210.48,-2.2
19-12-2018,-340.65,383.39,-0.13
18-12-2018,-202.38,-11.92,2.93
17-12-2018,762.31,86.71,1.73
14-12-2018,413.53,876.2,0.76
13-12-2018,-1473.09,-1535.79,0.37
12-12-2018,-2896.66,-117.68,0.2
11-12-2018,1794.58,-1442.68,0.0
10-12-2018,4745.17,1136.27,-0.75
07-12-2018,-53.39,2578.48,0.32
06-12-2018,-360.83,1137.45,0.03
05-12-2018,27.28,421.35,-0.22
04-12-2018,162.03,-1540.87,0.88
03-12-2018,-158.23,147.25,-0.45
30-11-2018,1195.33,-528.32,-0.65
29-11-2018,1142.07,707.22,-0.18
28-11-2018,676.37,-285.71,-0.06
27-11-2018,1284.9,-998.5,0.82
26-11-2018,1692.29,1065.85,1.63
22-11-2018,-4847.65,-36.64,3.52
20-11-2018,1054.42,-65.57,-0.36
19-11-2018,854.37,1065.28,-5.01
16-11-2018,1913.42,373.66,0.61
15-11-2018,177.31,1000.97,0.27
14-11-2018,933.08,-263.22,1.55
13-11-2018,2393.14,-621.96,0.93
12-11-2018,-2703.32,-360.07,-0.14
09-11-2018,-271.4,153.27,-0.09
06-11-2018,81.95,339.11,0.19
05-11-2018,-135.58,4204.85,0.0
02-11-2018,940.61,570.15,0.41
01-11-2018,-400.42,-710.0,0.36
31-10-2018,-1535.76,596.44,0.81
30-10-2018,-1805.52,795.93,-0.09
29-10-2018,-1393.99,35.98,2.03
26-10-2018,-1332.98,1236.07,1.13
25-10-2018,-1837.01,2175.45,-1.06
24-10-2018,-101.48,-1693.31,-1.1
23-10-2018,-443.26,-807.6,-1.71
22-10-2018,-660.68,-150.36,0.12
19-10-2018,315.34,-404.83,0.49
17-10-2018,-1082.45,-1387.82,-0.69
16-10-2018,-0.66,-172.99,-1.61
15-10-2018,-1108.05,-1555.72,0.0
12-10-2018,-2754.59,-2025.29,0.68
11-10-2018,-1082.58,-1993.93,0.57
10-10-2018,-823.4,-724.98,-0.05
09-10-2018,-1170.3,-2231.51,-0.48
08-10-2018,-5009.6,590.81,-2.14
05-10-2018,-2260.82,-497.32,-0.43
04-10-2018,-1526.7,85.94,-0.56
03-10-2018,-1608.05,-1180.18,-1.54
01-10-2018,-1698.63,-669.22,-0.44
28-09-2018,621.71,-551.43,-0.44
27-09-2018,-699.7,-768.59,-1.96
26-09-2018,-3682.09,-381.17,-0.99
25-09-2018,-1057.94,-461.45,-3.94
24-09-2018,825.45,497.47,-3.83
21-09-2018,-2185.78,-2052.58,1.31
19-09-2018,-1103.73,-178.41,-0.28
18-09-2018,95.66,-745.76,-0.09
17-09-2018,679.77,-468.11,0.67
14-09-2018,-1076.9,404.23,0.12
12-09-2018,-1395.4,89.33,-0.28
11-09-2018,-962.08,-338.06,-0.49
10-09-2018,137.78,-616.29,0.0
07-09-2018,-860.88,-735.45,0.0
06-09-2018,-314.89,-1122.4,-0.05
05-09-2018,1618.76,-1698.66,0.0
04-09-2018,1436.06,-731.39,-0.42
03-09-2018,-2900.5,-339.75,-0.7
31-08-2018,798.97,-1094.9,-0.46
30-08-2018,-1403.57,274.21,-1.74
29-08-2018,-48.86,-710.18,0.66
28-08-2018,435.84,265.45,-1.69
27-08-2018,-54.75,17.34,-0.03
24-08-2018,415.14,689.66,-0.7
23-08-2018,426.61,-273.53,-0.47
21-08-2018,133.02,-571.96,-1.41
20-08-2018,-1335.66,-350.48,-3.15
16-08-2018,-371.26,-103.24,-7.91
14-08-2018,-925.77,-1300.84,-0.49
13-08-2018,1332.41,364.1,-0.81
10-08-2018,414.15,1585.46,-0.6
09-08-2018,916.93,515.58,-2.7
08-08-2018,112.51,741.01,-2.97
07-08-2018,447.42,345.83,-2.6
06-08-2018,407.04,166.85,-3.0
03-08-2018,-552.54,764.53,-3.16
02-08-2018,-275.94,1381.63,-1.12
01-08-2018,903.72,707.55,-9.59
31-07-2018,-144.66,716.31,-6.4
30-07-2018,560.25,-186.97,-3.36
27-07-2018,2775.67,-913.05,-4.18
26-07-2018,-624.41,107.89,-3.7
25-07-2018,53.96,-543.39,-2.51
24-07-2018,166.5,1536.14,-1.86
23-07-2018,335.15,504.44,-3.24
20-07-2018,-242.09,-79.24,-2.69
19-07-2018,-2.31,571.23,-22.93
18-07-2018,-585.15,-154.87,-0.03
17-07-2018,-540.07,8.51,0.3
16-07-2018,-40.84,-334.1,-0.12
13-07-2018,-942.44,-1045.13,-0.98
12-07-2018,920.21,728.86,5.7
11-07-2018,258.71,-107.25,-1.43
10-07-2018,-741.78,-247.06,0.22
09-07-2018,-1177.48,-1411.78,-0.05
06-07-2018,250.86,785.86,0.67
05-07-2018,1074.39,269.02,6.07
04-07-2018,-987.24,-186.58,-0.27
03-07-2018,158.29,-13.89,-0.97
02-07-2018,1738.4,37.84,-1.01
29-06-2018,-677.74,-995.96,-1.21
28-06-2018,59.19,695.49,-1.18
27-06-2018,-413.62,-549.21,0.02
26-06-2018,319.73,-675.09,-1.26
25-06-2018,1240.85,-224.48,0.02
22-06-2018,1306.73,-1477.88,-0.23
21-06-2018,-2373.72,-1319.24,20.12
20-06-2018,-1410.8,-532.96,-0.86
19-06-2018,-406.71,-745.3,-0.99
18-06-2018,-1644.13,-461.14,-0.33
15-06-2018,-747.51,-626.37,-0.35
14-06-2018,174.69,-1333.41,-2.72
13-06-2018,-1321.64,-773.95,-0.76
12-06-2018,-1194.43,-952.96,-0.51
11-06-2018,17.04,-591.14,-1.9
08-06-2018,-500.78,-519.19,-0.33
07-06-2018,18.89,-30.07,0.0
06-06-2018,134.22,213.78,-0.49
05-06-2018,2978.97,-368.5,-1.27
04-06-2018,125.08,226.47,0.33
01-06-2018,-515.54,70.83,0.44
31-05-2018,-1080.85,-754.69,0.25
30-05-2018,507.48,71.43,-1.2
29-05-2018,379.48,29.26,-0.11
28-05-2018,-2047.2,-50.28,-0.51
25-05-2018,-584.88,-722.29,-26.0
24-05-2018,-262.22,-978.53,-5.1
23-05-2018,-1427.57,-1171.91,-1.3
22-05-2018,-438.47,-1450.02,-4.17
21-05-2018,-275.72,-1680.14,-2.19
18-05-2018,-412.04,-283.64,-0.29
17-05-2018,-720.0,-1036.26,0.0
16-05-2018,-184.03,-366.78,0.38
15-05-2018,821.66,-333.6,-0.22
14-05-2018,-305.47,-2285.57,-0.07
11-05-2018,-171.15,-1368.87,-4.55
10-05-2018,-689.88,-774.45,-4.29
09-05-2018,363.61,-1989.87,-0.29
08-05-2018,-602.4,-1073.42,-1.68
07-05-2018,-1578.53,-348.07,-2.06
04-05-2018,-89.71,38.94,-1.24
03-05-2018,-346.45,-1292.86,-1.01
02-05-2018,-915.69,-1832.53,-5.75
27-04-2018,-341.94,-2264.26,0.0
26-04-2018,-99.8,-605.33,-5.7
25-04-2018,-547.79,-50.3,-4.45
24-04-2018,-257.47,-317.72,-1.6
23-04-2018,-124.09,-3211.91,-0.6
20-04-2018,-646.57,-1951.25,-0.77
19-04-2018,-877.76,-2464.86,-1.64
18-04-2018,-1139.76,-2977.66,0.13
17-04-2018,-348.61,-1092.86,0.12
16-04-2018,-83.92,965.01,0.22
13-04-2018,469.59,174.87,0.17
12-04-2018,443.97,-1367.47,19.68
11-04-2018,-717.28,-264.61,0.77
10-04-2018,-1284.51,755.97,-1.72
09-04-2018,-90.75,930.15,1.66
06-04-2018,535.9,624.27,0.49
05-04-2018,291.68,1702.72,2.5
04-04-2018,-474.98,-702.06,9.87
03-04-2018,-258.12,2081.53,7.37
28-03-2018,1093.92,649.3,-1.8
27-03-2018,-510.45,-13.83,8.82
26-03-2018,2630.8,314.08,4.12
23-03-2018,72.26,-884.26,0.01
22-03-2018,-70.51,901.44,12.81
21-03-2018,493.57,574.6,5.21
20-03-2018,513.43,610.17,7.04
19-03-2018,1051.29,-567.5,15.37
16-03-2018,-192.78,-1918.38,-0.59
15-03-2018,-49.61,754.38,0.05
14-03-2018,4934.71,-823.38,-0.38
13-03-2018,1413.43,-1451.3,0.96
12-03-2018,607.98,-2393.31,0.92
09-03-2018,1160.48,-1801.97,1.13
08-03-2018,-604.79,-199.29,0.11
07-03-2018,749.21,-179.05,-0.32
06-03-2018,-344.33,248.81,-2.41
05-03-2018,423.79,-1118.33,0.04
01-03-2018,-1718.11,-1746.09,0.15
28-02-2018,-874.85,-597.25,0.14
27-02-2018,-1114.93,78.72,-0.43
26-02-2018,851.6,-1268.58,-0.33
23-02-2018,-2263.22,-585.21,0.1
22-02-2018,-1220.75,-892.71,-0.99
21-02-2018,-728.26,299.26,0.71
20-02-2018,1157.59,-503.15,-0.59
16-02-2018,-134.53,-41.93,-0.56
15-02-2018,-599.02,-1607.23,-0.33
14-02-2018,-1265.13,196.09,-0.14
12-02-2018,-1393.7,96.07,-1.0
09-02-2018,-2225.71,-60.28,0.0
08-02-2018,-1001.09,-410.31,0.09
07-02-2018,-1718.33,469.58,0.2
06-02-2018,-1083.43,1770.16,0.56
05-02-2018,1289.9,732.72,4.73
02-02-2018,1165.84,1298.18,-0.38
01-02-2018,-264.88,772.02,1.02
31-01-2018,32.16,1007.57,3.05
30-01-2018,643.85,431.76,-1.05
29-01-2018,1346.21,956.17,-2.0
25-01-2018,877.62,0.86,-7.03
24-01-2018,2481.46,1641.19,-11.17
23-01-2018,1543.82,-249.99,24.99
22-01-2018,1087.84,1795.84,-4.85
19-01-2018,1917.92,1279.82,-3.61
18-01-2018,808.95,-288.38,-1.87
17-01-2018,745.7,-430.82,-3.48
16-01-2018,152.74,-862.03,-2.29
15-01-2018,-29.11,161.22,-1.47
12-01-2018,-523.47,1024.94,-1.42
11-01-2018,-391.66,-186.73,0.8
10-01-2018,-21.69,1356.26,-3.55
09-01-2018,598.51,885.29,-7.94
08-01-2018,892.34,162.91,-1.08
05-01-2018,364.18,279.64,-3.16
04-01-2018,113.16,-188.08,-1.53
03-01-2018,619.37,-312.15,-2.16
02-01-2018,-11.3,117.94,0.53
01-01-2018,532.86,-60.31,-2.13
29-12-2017,860.34,-121.31,-7.04
28-12-2017,438.52,44.99,-0.64
27-12-2017,1254.41,24.95,-1.63
26-12-2017,-1135.56,1045.37,-2.02
22-12-2017,-1308.91,177.11,0.0
21-12-2017,-1446.26,-280.2,0.0
20-12-2017,-1276.2,-778.3,0.0
19-12-2017,118.19,713.83,0.0
18-12-2017,-870.05,404.12,0.0
15-12-2017,464.85,-436.22,0.0
14-12-2017,398.83,-444.89,0.0
13-12-2017,800.63,-1038.33,0.0
12-12-2017,-136.21,680.58,0.0
11-12-2017,43.63,98.84,0.0
08-12-2017,-962.82,334.93,0.0
07-12-2017,-1123.99,977.15,0.0
06-12-2017,-1403.1,1149.18,0.0
05-12-2017,3.85,-8.17,0.0
04-12-2017,-602.83,-193.4,0.0
30-11-2017,-622.44,127.96,0.0
29-11-2017,784.35,-33.3,0.0
28-11-2017,3003.88,-93.03,0.0
27-11-2017,107.55,-225.48,0.0
24-11-2017,1376.76,-267.97,0.0
23-11-2017,-243.36,52.15,0.0
22-11-2017,-246.03,1360.82,0.0
21-11-2017,-217.3,979.84,0.0
20-11-2017,1436.38,-82.9,0.0
17-11-2017,289.48,-1.54,0.0
16-11-2017,1830.78,-155.12,0.0
15-11-2017,2680.94,198.28,0.0
14-11-2017,-135.73,-385.36,0.0
13-11-2017,-27.72,-163.15,0.0
10-11-2017,-667.24,-1349.06,0.0
09-11-2017,5987.49,-386.75,0.0
08-11-2017,678.8,-366.46,0.0
07-11-2017,738.1,-550.05,0.0
06-11-2017,448.39,-205.17,0.0
03-11-2017,1537.13,609.6,0.0
02-11-2017,1042.53,-296.31,0.0
01-11-2017,-55.09,1763.54,0.0
31-10-2017,55.89,412.34,0.0
30-10-2017,192.62,519.51,0.0
27-10-2017,1380.14,659.01,0.0
26-10-2017,6812.42,597.56,0.0
25-10-2017,-1191.49,1252.39,0.0
24-10-2017,333.79,573.69,0.0
23-10-2017,-1120.17,-85.52,0.0
18-10-2017,-252.28,508.09,0.0
17-10-2017,174.26,873.07,0.0
16-10-2017,-1554.63,450.56,0.0
13-10-2017,-296.8,-16.46,0.0
12-10-2017,869.54,961.58,0.0
11-10-2017,-404.13,1723.78,0.0
10-10-2017,-439.12,-281.2,0.0
09-10-2017,-953.85,3029.35,0.0
06-10-2017,-679.96,642.41,0.0
05-10-2017,-510.59,1658.23,0.0
04-10-2017,-437.51,2718.79,0.0
03-10-2017,1077.31,-133.53,0.0
29-09-2017,-4677.74,-1181.82,0.0
28-09-2017,-518.24,-44.15,0.0
27-09-2017,-1656.32,-630.99,0.0
26-09-2017,-28.83,-955.71,0.0
25-09-2017,981.18,-268.9,0.0
22-09-2017,-1049.43,-144.58,0.0
21-09-2017,-885.88,168.66,0.0
20-09-2017,-1577.91,864.15,0.0
19-09-2017,-78.82,33.5,0.0
18-09-2017,1185.0,457.73,0.0
15-09-2017,-931.29,147.41,0.0
14-09-2017,2586.29,-276.02,0.0
13-09-2017,-1232.99,11.0,0.0
12-09-2017,-415.51,341.76,0.0
11-09-2017,-126.56,133.32,0.0
08-09-2017,-302.65,683.46,0.0
07-09-2017,-1288.14,1389.95,0.0
06-09-2017,-226.36,498.39,0.0
05-09-2017,-846.53,-163.54,0.0
04-09-2017,-745.45,62.08,0.0
01-09-2017,443.91,223.19,0.0
31-08-2017,98.22,709.93,0.0
30-08-2017,218.58,904.81,0.0
29-08-2017,96.39,136.62,0.0
28-08-2017,-556.98,556.01,0.0
24-08-2017,-915.12,189.47,0.0
23-08-2017,-727.63,1128.64,0.0
22-08-2017,-1789.36,1289.84,0.0
21-08-2017,-1849.41,1167.58,0.0
18-08-2017,-1927.42,-169.44,0.0
16-08-2017,-1523.81,-197.4,0.0
14-08-2017,-1829.43,-688.89,0.0
11-08-2017,-983.73,213.51,0.0
10-08-2017,-428.74,1333.56,0.0
09-08-2017,1898.02,930.91,0.0
08-08-2017,-166.32,1244.62,0.0
07-08-2017,-868.7,1515.33,0.0
04-08-2017,55.51,2433.09,0.0
03-08-2017,567.91,1038.02,0.0
02-08-2017,-919.82,1244.22,0.0
01-08-2017,-1217.84,466.08,0.0
31-07-2017,-11.45,1041.86,0.0
28-07-2017,2439.16,774.26,0.0
27-07-2017,-192.56,2175.04,0.0
26-07-2017,321.13,-313.43,0.0
25-07-2017,-270.33,1627.38,0.0
24-07-2017,-101.95,1190.84,0.0
21-07-2017,175.09,-1144.26,0.0
20-07-2017,1016.88,835.56,0.0
19-07-2017,375.85,871.24,0.0
18-07-2017,375.79,622.8,0.0
17-07-2017,535.54,780.91,0.0
14-07-2017,-83.27,-271.78,0.0
13-07-2017,547.0,1950.15,0.0
12-07-2017,160.62,7852.98,0.0
11-07-2017,161.95,1103.4,0.0
10-07-2017,-419.86,472.92,0.0
07-07-2017,606.18,1593.38,0.0
06-07-2017,124.91,-657.98,0.0
05-07-2017,-1158.53,-857.27,0.0
04-07-2017,-896.1,-1478.83,0.0
03-07-2017,1454.66,697.98,0.0
30-06-2017,-732.29,712.19,0.0
29-06-2017,-363.1,1482.07,0.0
28-06-2017,941.69,745.58,0.0
27-06-2017,488.17,236.61,0.0
23-06-2017,508.72,206.83,0.0
22-06-2017,-88.59,826.15,0.0
21-06-2017,-294.71,546.74,0.0
20-06-2017,-171.55,1074.12,0.0
19-06-2017,-694.11,1033.49,0.0
16-06-2017,-610.2,485.43,0.0
15-06-2017,86.11,763.94,0.0
14-06-2017,4909.37,2212.08,0.0
13-06-2017,-4.66,116.87,0.0
12-06-2017,-69.05,3509.04,0.0
09-06-2017,2072.65,3336.64,0.0
08-06-2017,89.34,2723.99,0.0
07-06-2017,-3133.63,787.74,0.0
06-06-2017,-111.74,364.84,0.0
05-06-2017,113.37,2600.91,0.0
02-06-2017,-450.81,1159.25,0.0
01-06-2017,1131.84,760.6,0.0
31-05-2017,-171.77,1165.6,0.0
30-05-2017,-807.6,292.38,0.0
29-05-2017,-316.1,1927.66,0.0
26-05-2017,789.2,-206.71,0.0
25-05-2017,358.76,13.29,0.0
24-05-2017,-366.08,1649.41,0.0
23-05-2017,894.88,693.02,0.0
22-05-2017,3172.65,678.89,0.0
19-05-2017,359.72,559.31,0.0
18-05-2017,1162.98,2051.85,0.0
17-05-2017,1044.19,993.75,0.0
16-05-2017,384.73,2463.62,0.0
15-05-2017,916.05,1844.51,0.0
12-05-2017,1434.88,790.92,0.0
11-05-2017,1364.92,116.21,0.0
09-05-2017,-581.35,1040.04,0.0
08-05-2017,-248.25,1903.47,0.0
05-05-2017,-140.16,746.94,0.0
04-05-2017,-93.47,152.98,0.0
03-05-2017,-333.24,560.18,0.0
02-05-2017,-1113.53,-282.57,0.0
28-04-2017,-22.8,894.51,0.0
27-04-2017,-64.29,-184.56,0.0
26-04-2017,325.98,-91.18,0.0
25-04-2017,-226.89,1783.08,0.0
24-04-2017,1250.68,204.21,0.0
21-04-2017,-109.24,126.44,0.0
20-04-2017,-564.82,598.91,0.0
19-04-2017,-812.15,253.24,0.0
18-04-2017,-67.27,1480.04,0.0
17-04-2017,-312.26,1767.53,0.0
13-04-2017,-495.6,1422.23,0.0
12-04-2017,-724.78,-205.24,0.0
11-04-2017,-635.79,686.93,0.0
10-04-2017,-141.74,745.94,0.0
07-04-2017,440.37,1399.65,0.0
06-04-2017,481.12,3386.73,0.0
05-04-2017,584.4,5415.22,0.0
03-04-2017,3489.57,680.07,0.0
31-03-2017,442.78,532.57,0.0
30-03-2017,680.06,1032.9,0.0
29-03-2017,7351.95,6960.19,0.0
27-03-2017,583.62,914.73,0.0
24-03-2017,1096.87,-537.56,0.0
23-03-2017,210.57,5045.1,0.0
22-03-2017,1617.31,5126.93,0.0
21-03-2017,618.91,1255.91,0.0
20-03-2017,1600.02,336.22,0.0
17-03-2017,1424.24,3768.43,0.0
16-03-2017,1418.11,194.16,0.0
15-03-2017,4309.49,-9.21,0.0
14-03-2017,344.01,337.24,0.0
10-03-2017,1937.16,102.89,0.0
09-03-2017,3572.73,141.02,0.0
08-03-2017,888.73,205.91,0.0
07-03-2017,420.46,262.56,0.0
06-03-2017,1427.91,44.57,0.0
03-03-2017,24.21,-773.46,0.0
02-03-2017,-97.21,210.15,0.0
01-03-2017,1034.07,203.64,0.0
28-02-2017,-145.33,659.0,0.0
27-02-2017,688.02,22.68,0.0
23-02-2017,251.59,-1372.31,0.0
22-02-2017,-1953.62,41.32,0.0
20-02-2017,8059.29,50.39,0.0
17-02-2017,-196.37,23.54,0.0
16-02-2017,253.62,245.75,0.0
15-02-2017,-16.43,1066.68,0.0
14-02-2017,317.85,768.74,0.0
13-02-2017,555.27,715.29,0.0
10-02-2017,599.07,103.91,0.0
09-02-2017,-188.26,-674.28,0.0
08-02-2017,270.3,708.21,0.0
07-02-2017,-442.44,2311.32,0.0
06-02-2017,603.82,192.07,0.0
03-02-2017,719.95,100.03,0.0
02-02-2017,74.78,814.21,0.0
01-02-2017,451.07,183.7,0.0
31-01-2017,735.32,280.69,0.0
30-01-2017,227.32,865.34,0.0
27-01-2017,1234.08,-584.25,0.0
25-01-2017,110.5,-255.59,0.0
24-01-2017,-262.08,-62.39,0.0
23-01-2017,33.29,-672.95,0.0
20-01-2017,473.62,-230.07,0.0
19-01-2017,335.93,564.86,0.0
18-01-2017,185.74,-381.08,0.0
17-01-2017,-338.51,-526.51,0.0
16-01-2017,-103.1,-1560.49,0.0
13-01-2017,-1.63,-78.88,0.0
12-01-2017,-685.45,-0.04,0.0
11-01-2017,-113.23,-1410.06,0.0
10-01-2017,-385.42,495.62,0.0
09-01-2017,-318.5,-187.44,0.0
06-01-2017,-42.87,750.49,0.0
05-01-2017,-681.93,-476.72,0.0
04-01-2017,-553.03,678.89,0.0
03-01-2017,-347.78,-4.52,0.0
02-01-2017,-678.87,475.91,0.0
30-12-2016,-661.3,290.61,0.0
29-12-2016,-526.38,1101.75,0.0
28-12-2016,-683.85,11.69,0.0
27-12-2016,-1099.84,-818.27,0.0
26-12-2016,-1460.65,-494.23,0.0
23-12-2016,-573.53,946.59,0.0
22-12-2016,-1108.15,1045.68,0.0
21-12-2016,-621.37,-945.87,0.0
20-12-2016,-554.06,-413.64,0.0
19-12-2016,254.86,-1207.61,0.0
16-12-2016,-405.66,-530.1,0.0
15-12-2016,-477.07,126.74,0.0
14-12-2016,-731.86,-411.44,0.0
13-12-2016,334.03,-245.64,0.0
09-12-2016,743.18,-2401.05,0.0
08-12-2016,354.4,-2070.99,0.0
07-12-2016,206.19,-2412.37,0.0
06-12-2016,-278.55,-9529.04,0.0
05-12-2016,-125.25,-410.8,0.0
02-12-2016,-401.04,-1010.45,0.0
01-12-2016,-360.39,443.27,0.0
30-11-2016,-652.75,-988.0,0.0
29-11-2016,-1366.85,-3522.25,0.0
28-11-2016,-461.29,-487.34,0.0
25-11-2016,-2038.3,-960.09,0.0
24-11-2016,-1095.1,-2944.33,0.0
23-11-2016,-674.6,-644.9,0.0
22-11-2016,-1241.01,-97.63,0.0
21-11-2016,-873.11,-1787.56,0.0
18-11-2016,-947.82,-1734.05,0.0
17-11-2016,-1960.25,-7045.11,0.0
16-11-2016,-2325.7,-2290.62,0.0
15-11-2016,-1432.34,-1096.48,0.0
11-11-2016,-629.87,1486.28,0.0
10-11-2016,-2044.52,604.14,0.0
09-11-2016,319.6,251.74,0.0
08-11-2016,191.5,117.97,0.0
07-11-2016,492.58,482.73,0.0
04-11-2016,73.03,176.7,0.0
03-11-2016,-613.77,120.24,0.0
02-11-2016,-95.99,312.23,0.0
01-11-2016,-867.69,-1105.49,0.0
28-10-2016,-1108.83,-448.04,0.0
27-10-2016,-1512.78,-147.13,0.0
26-10-2016,-505.01,547.73,0.0
25-10-2016,-391.91,763.82,0.0
24-10-2016,-221.94,212.51,0.0
21-10-2016,341.17,965.46,0.0
20-10-2016,-295.54,-151.71,0.0
19-10-2016,373.88,-132.66,0.0
18-10-2016,-219.66,-1056.71,0.0
17-10-2016,-945.41,-607.4,0.0
14-10-2016,-846.0,-1880.09,0.0
13-10-2016,-484.1,642.78,0.0
10-10-2016,65.0,-1018.09,0.0
07-10-2016,360.55,-948.1,0.0
06-10-2016,655.65,-2342.58,0.0
05-10-2016,503.72,601.77,0.0
04-10-2016,108.78,-1047.95,0.0
03-10-2016,-183.83,46.43,0.0
30-09-2016,3411.03,1404.85,0.0
29-09-2016,974.5,1076.89,0.0
28-09-2016,805.59,1724.58,0.0
27-09-2016,-143.61,1128.12,0.0
26-09-2016,-247.71,549.39,0.0
23-09-2016,401.99,-82.99,0.0
22-09-2016,508.05,-779.71,0.0
21-09-2016,1105.71,65.88,0.0
20-09-2016,964.33,523.16,0.0
19-09-2016,540.9,511.27,0.0
16-09-2016,346.04,-683.81,0.0
15-09-2016,-473.16,136.06,0.0
14-09-2016,-591.15,168.4,0.0
12-09-2016,-337.15,429.69,0.0
09-09-2016,133.53,630.75,0.0
08-09-2016,864.21,1513.99,0.0
07-09-2016,1393.38,489.98,0.0
06-09-2016,245.69,935.86,0.0
02-09-2016,-381.94,788.25,0.0
01-09-2016,923.02,-741.25,0.0
31-08-2016,388.85,-106.69,0.0
30-08-2016,557.51,-46.21,0.0
29-08-2016,303.37,-47.28,0.0
26-08-2016,-305.09,302.22,0.0
25-08-2016,-32.57,-367.65,0.0
24-08-2016,6.25,691.29,0.0
23-08-2016,-113.12,-1213.83,0.0
22-08-2016,543.29,-137.42,0.0
19-08-2016,255.29,383.97,0.0
18-08-2016,781.28,-227.02,0.0
16-08-2016,1272.93,407.78,0.0
12-08-2016,640.94,-649.67,0.0
11-08-2016,500.78,-2078.03,0.0
10-08-2016,321.29,1393.34,0.0
09-08-2016,1171.73,304.78,0.0
08-08-2016,488.58,372.4,0.0
05-08-2016,549.42,462.84,0.0
04-08-2016,629.1,-478.65,0.0
03-08-2016,247.1,-1299.09,0.0
02-08-2016,655.61,125.1,0.0
01-08-2016,208.78,-417.05,0.0
29-07-2016,2010.65,58.62,0.0
28-07-2016,474.87,-75.3,0.0
27-07-2016,718.44,256.77,0.0
26-07-2016,803.66,21.14,0.0
25-07-2016,518.46,-332.96,0.0
22-07-2016,441.31,-302.79,0.0
21-07-2016,483.12,506.23,0.0
20-07-2016,711.24,511.31,0.0
19-07-2016,577.12,643.89,0.0
18-07-2016,1409.3,254.69,0.0
15-07-2016,837.94,431.68,0.0
14-07-2016,323.66,1573.95,0.0
13-07-2016,365.14,2526.42,0.0
12-07-2016,1073.22,470.64,0.0
11-07-2016,635.2,59.55,0.0
08-07-2016,-434.04,268.6,0.0
07-07-2016,295.3,-147.51,0.0
05-07-2016,149.08,246.82,0.0
04-07-2016,-263.43,410.5,0.0
01-07-2016,1481.58,-536.81,0.0
30-06-2016,145.58,673.2,0.0
29-06-2016,-215.3,236.46,0.0
28-06-2016,-69.07,172.35,0.0
27-06-2016,-577.49,-1113.31,0.0
24-06-2016,228.08,-375.07,0.0
23-06-2016,-31.86,112.14,0.0
22-06-2016,421.09,-1669.21,0.0
21-06-2016,-527.59,-2309.85,0.0
20-06-2016,53.31,-677.47,0.0
17-06-2016,-108.21,337.44,0.0
16-06-2016,-80.5,239.73,0.0
15-06-2016,-92.26,-347.66,0.0
14-06-2016,357.82,156.18,0.0
13-06-2016,219.1,240.05,0.0
10-06-2016,263.39,-61.85,0.0
09-06-2016,540.58,353.22,0.0
08-06-2016,543.06,-59.38,0.0
07-06-2016,65.21,65.61,0.0
06-06-2016,1611.8,-820.53,0.0
03-06-2016,602.92,-47.27,0.0
02-06-2016,343.56,-1073.55,0.0
01-06-2016,19.66,-251.47,0.0
31-05-2016,389.52,384.86,0.0
30-05-2016,658.04,1192.26,0.0
27-05-2016,720.35,131.15,0.0
26-05-2016,509.55,-245.08,0.0
25-05-2016,-801.45,-916.38,0.0
24-05-2016,-35.96,-690.59,0.0
23-05-2016,-692.37,-768.64,0.0
20-05-2016,340.71,-726.97,0.0
19-05-2016,-4.54,-124.65,0.0
18-05-2016,131.95,-2954.89,0.0
17-05-2016,-96.51,-439.77,0.0
16-05-2016,1601.51,155.37,0.0
13-05-2016,51.25,-201.42,0.0
12-05-2016,-323.56,-292.34,0.0
11-05-2016,383.41,-400.29,0.0
10-05-2016,295.28,671.06,0.0
09-05-2016,189.33,47.98,0.0
06-05-2016,-327.99,-257.15,0.0
05-05-2016,-30.83,53.02,0.0
04-05-2016,-747.68,295.78,0.0
03-05-2016,348.97,166.78,0.0
02-05-2016,-16.09,511.14,0.0
29-04-2016,235.94,697.14,0.0
28-04-2016,438.69,459.62,0.0
27-04-2016,571.7,-861.58,0.0
26-04-2016,240.4,1057.61,0.0
25-04-2016,194.95,-1170.64,0.0
22-04-2016,943.4,-323.65,0.0
21-04-2016,-11.2,107.27,0.0
20-04-2016,1040.6,1515.18,0.0
18-04-2016,741.04,389.55,0.0
13-04-2016,428.27,72.38,0.0
12-04-2016,155.66,378.51,0.0
11-04-2016,-32.78,-58.76,0.0
07-04-2016,-514.95,-269.11,0.0
06-04-2016,-930.6,711.79,0.0
05-04-2016,405.41,429.08,0.0
04-04-2016,4509.2,3284.05,0.0
31-03-2016,1521.66,1813.74,0.0
30-03-2016,640.95,-4352.15,0.0
29-03-2016,2249.28,-312.5,0.0
28-03-2016,1066.43,559.35,0.0
23-03-2016,1130.31,834.11,0.0
22-03-2016,1480.07,885.4,0.0
21-03-2016,1887.85,123.08,0.0
18-03-2016,939.21,1156.01,0.0
17-03-2016,695.89,747.06,0.0
16-03-2016,-27.41,-6.21,0.0
15-03-2016,1260.06,-322.28,0.0
14-03-2016,438.58,-99.29,0.0
11-03-2016,1177.41,-933.19,0.0
10-03-2016,897.88,-426.51,0.0
09-03-2016,774.16,-467.59,0.0
08-03-2016,882.0,72.18,0.0
04-03-2016,1109.37,-137.94,0.0
03-03-2016,1708.23,-859.24,0.0
02-03-2016,3017.25,20.09,0.0
01-03-2016,-1706.26,230.19,0.0
29-02-2016,-584.31,-1769.21,0.0
26-02-2016,-1062.85,-1045.1,0.0
25-02-2016,-520.61,-1304.23,0.0
24-02-2016,811.27,-1849.03,0.0
23-02-2016,-281.7,-1397.89,0.0
22-02-2016,619.9,-732.87,0.0
18-02-2016,-293.69,204.94,0.0
17-02-2016,-788.71,309.73,0.0
16-02-2016,-1123.05,-526.82,0.0
15-02-2016,-43.59,-1046.28,0.0
12-02-2016,-1209.78,-590.03,0.0
11-02-2016,-505.21,-249.5,0.0
10-02-2016,-636.14,-90.48,0.0
09-02-2016,-39.07,393.84,0.0
08-02-2016,-467.49,-466.76,0.0
05-02-2016,-177.58,419.12,0.0
04-02-2016,-317.33,-525.26,0.0
03-02-2016,-65.97,96.33,0.0
02-02-2016,404.68,1615.11,0.0
01-02-2016,759.84,359.64,0.0
29-01-2016,-382.96,383.84,0.0
28-01-2016,-169.76,44.45,0.0
27-01-2016,122.42,138.82,0.0
25-01-2016,-733.42,-607.03,0.0
22-01-2016,-1620.87,-166.14,0.0
21-01-2016,-1195.85,-234.67,0.0
20-01-2016,-761.43,-196.05,0.0
19-01-2016,-1866.06,-15.97,0.0
18-01-2016,-1034.87,-273.6,0.0
15-01-2016,-1152.15,-893.66,0.0
14-01-2016,282.45,202.68,0.0
13-01-2016,-397.89,121.91,0.0
12-01-2016,-1045.8,385.19,0.0
11-01-2016,-677.74,-283.32,0.0
08-01-2016,-943.98,3960.96,0.0
07-01-2016,-113.69,-813.12,0.0
06-01-2016,-245.06,40.92,0.0
05-01-2016,-574.88,-244.42,0.0
04-01-2016,280.54,-365.67,0.0
01-01-2016,1104.56,1127.61,0.0
